ID,Job.Title,Salary,Location,Position.Type,Position.Subtype,Seniority,Tags,Technology,URL,Mining_Date,Review.Priority,Fit.Score,Primary.Track,Location.Fit,Mining.Age.Days,Fit.Reasons,Caution.Flags
BLT_0502,Quantitative Research Analyst,,"Prague, CZE",Analyst,Technical/R&D Analyst,Entry level,Education & Research,,https://builtin.com/job/quantitative-research-analyst/8941799,,High,13,Customer/Market/Pricing Insights,Prague,,Customer/Market/Pricing Insights; R; Insights/research orientation; Junior/entry level,
BLT_4479,Product Analyst,,27 Locations,Analyst,Product Analyst,Junior,,,https://builtin.com/job/product-analyst/8979355,,High,11,Customer/Market/Pricing Insights,Outside Prague - verify,,Customer/Market/Pricing Insights; Insights/research orientation; Junior/entry level,Location requires verification
JB_7273,Geodata & Market Research Analyst (ž/m),,Praha – Břevnov,Analyst,Technical/R&D Analyst,,Education & Research,,https://www.jobs.cz/rpd/2001464746/,2026-10-07T12:39:38+02:00,High,10,Customer/Market/Pricing Insights,Prague,0,Customer/Market/Pricing Insights; R; Insights/research orientation,
JB_9221,Market Research Analyst / Consultant - Beauty & Wellbeing | Prague,,Praha – Stodůlky,Analyst,Technical/R&D Analyst,,Education & Research,,https://www.jobs.cz/rpd/2001438847/,2026-09-21T17:23:01+02:00,High,10,Customer/Market/Pricing Insights,Prague,16,Customer/Market/Pricing Insights; R; Insights/research orientation,
BLT_2773,Customer Insights Analyst,583K-840K Annually,"Prague, CZE",Analyst,Marketing/Customer Insights Analyst,Mid level,Customer Service,,https://builtin.com/job/customer-insights-analyst/10434722,,High,10,Customer/Market/Pricing Insights,Prague,,Customer/Market/Pricing Insights; Insights/research orientation; Medior level,
JB_9051,Voice of Customer Analyst – BI (m/ž),,Praha – Břevnov,Analyst,Marketing/Customer Insights Analyst,,"Data & Analytics, Customer Service",,https://www.jobs.cz/rpd/2001458648/,2026-10-02T11:11:36+02:00,High,9,Customer/Market/Pricing Insights,Prague,5,Customer/Market/Pricing Insights; Insights/research orientation,
BLT_5674,Marketing Analyst,,28 Locations,Analyst,Marketing/Customer Insights Analyst,Mid level,Marketing & Communications,,https://builtin.com/job/marketing-analyst/11369241,2026-09-26T10:06:23+02:00,High,9,Customer/Market/Pricing Insights,Outside Prague - verify,12,Customer/Market/Pricing Insights; Insights/research orientation; Medior level,Location requires verification
JB_8278,Webový/á analytik/čka,45 000 – 50 000 Kč,Praha – Vinohrady,Analyst,Marketing/Customer Insights Analyst,,Data & Analytics,,https://www.jobs.cz/rpd/2001441487/,2026-09-23T20:06:53+02:00,High,9,Customer/Market/Pricing Insights,Prague,14,Customer/Market/Pricing Insights; Insights/research orientation,
JB_4507,Growth Analyst / Performance & Insights Analyst,,Praha – Holešovice,Analyst,Marketing/Customer Insights Analyst,,,,https://www.jobs.cz/rpd/2001348863/,2026-09-18T13:07:43+02:00,High,9,Customer/Market/Pricing Insights,Prague,19,Customer/Market/Pricing Insights; Insights/research orientation,
JB_5753,Consultant – Market Intelligence & Customer Experience - m/f/d,,Praha – Stodůlky,Consultant,Customer Experience Consultant,,Customer Service,,https://www.jobs.cz/rpd/2001426702/,2026-09-15T11:03:51+02:00,High,9,Customer/Market/Pricing Insights,Prague,23,Customer/Market/Pricing Insights; Insights/research orientation,
JB_2029,Webový analytik a SEO specialista,,Praha – Nusle,Analyst,Marketing/Customer Insights Analyst,,"Data & Analytics, Marketing & Communications",,https://www.jobs.cz/rpd/2001395953/,2026-09-11T15:58:50+02:00,High,9,Customer/Market/Pricing Insights,Prague,26,Customer/Market/Pricing Insights; Insights/research orientation,
JB_3658,Customer Sales Analyst,,Praha – Karlín + 1 další lokalita,Analyst,Marketing/Customer Insights Analyst,,"Sales & Business Development, Customer Service",,https://www.jobs.cz/rpd/2001346369/,2026-09-11T15:57:43+02:00,High,9,Customer/Market/Pricing Insights,Prague,26,Customer/Market/Pricing Insights; Insights/research orientation,
JB_5361,Customer Data and Digital Campaign Analyst,,Praha – Smíchov,Analyst,Marketing/Customer Insights Analyst,,"Data & Analytics, Marketing & Communications, Customer Service",,https://www.jobs.cz/rpd/2001396566/,2026-09-11T15:56:42+02:00,High,9,Customer/Market/Pricing Insights,Prague,26,Customer/Market/Pricing Insights; Insights/research orientation,
JB_1988,Webový Analytik - Online Marketing (m/ž),,Praha – Michle,Analyst,Marketing/Customer Insights Analyst,,"Data & Analytics, Marketing & Communications",,https://www.jobs.cz/rpd/2001313015/,2026-09-11T15:56:42+02:00,High,9,Customer/Market/Pricing Insights,Prague,26,Customer/Market/Pricing Insights; Insights/research orientation,
JB_3384,Data insight analyst,,Praha – Michle,Analyst,Marketing/Customer Insights Analyst,,Data & Analytics,,https://www.jobs.cz/rpd/2001295360/,2026-09-11T15:56:22+02:00,High,9,Customer/Market/Pricing Insights,Prague,26,Customer/Market/Pricing Insights; Insights/research orientation,
JB_8335,Pricing Analyst - vhodné i pro absolventy SŠ/VŠ dopravní,,Pavlov,Analyst,Finance/Investment Analyst,Junior/Entry-level,Finance & Banking,,https://www.jobs.cz/rpd/2001392279/,2026-09-11T15:58:50+02:00,Good,8,Customer/Market/Pricing Insights,Outside Prague - verify,26,Customer/Market/Pricing Insights; Insights/research orientation; Junior/entry level,Finance/accounting orientation; Location requires verification
JB_4636,PRICING ANALYST - ANALYTIK PŘEPRAV,,Praha – Ruzyně,Analyst,Finance/Investment Analyst,,"Data & Analytics, Finance & Banking",,https://www.jobs.cz/rpd/2001381020/,2026-09-11T15:57:55+02:00,Good,6,Customer/Market/Pricing Insights,Prague,26,Customer/Market/Pricing Insights; Insights/research orientation,Finance/accounting orientation
