ID,Job.Title,Company,Salary,Location,Position.Type,Position.Subtype,Secondary Subtype,Seniority,Seniority_Source,Seniority_Inferred,Seniority_Conflict,Tags,Technology,URL,Mining_Date,First_Seen_At,Last_Seen_At,Published_At,Published_Lower_Bound,Published_Upper_Bound,Publication_Method,Publication_Confidence,Valid_Through,Review.Priority,Fit.Score,Provisional.Shortlisting.Score,Role_Family,Primary.Track,Location.Fit,Mining.Age.Days,Fit.Reasons,Caution.Flags,Scoring.Version,Publication.Age.Days,Publication.Minimum.Age.Days,Publication.Age.Basis,Last.Observed.Age.Days,Availability.Status,Availability.Checked.At,Freshness.Band,Freshness.Rank,Queue.Status,Queue.Reasons,Queue.Version,Entry.Level.Status,Entry.Level.Rank,Entry.Level.Evidence,Latest.Review.Grade
SJ_108003,Business Intelligence Analyst (junior),Transcarent Technologies s.r.o.,,Prague,Analyst,Data/BI Analyst,,Junior/Entry-level,,Junior/Entry-level,NO,Data & Analytics,,https://www.startupjobs.cz/nabidka/108003/business-intelligence-analyst-junior,2026-09-22T20:37:21+02:00,2026-09-22T20:37:21+02:00,2026-09-22T20:37:21+02:00,2026-09-22T14:57:57.000Z,2026-09-22T14:57:57.000Z,2026-09-22T14:57:57.000Z,jsonld_datePosted,EXACT,,High,80,80,ANALYTICS_INSIGHTS,"Analytics, Research & Insights",Prague,14,"Analytics, Research & Insights; Entry-level signal",Advertisement requirements not yet verified; No recent observation or confirmed open detail extraction,2026-10-04-v3.0,15,15,Published_At,15,OPEN,2026-09-23T15:20:00+00:00,VERIFY_CURRENTNESS,5,VERIFY,No recent observation or confirmed open detail extraction,2026-10-04-v3.0,ENTRY_LEVEL_SIGNAL,0,Seniority: Junior/Entry-level; Job title: Business Intelligence Analyst (junior),1
JB_7243,Junior Data Specialist (Risk & Finance) - zástup za MD/RD,innogy Česká republika a.s.,,Praha – Strašnice,Specialist,Data/Analytics Specialist,,Junior/Entry-level,,Junior/Entry-level,NO,"Data & Analytics, Finance & Banking, Compliance & Risk",,https://www.jobs.cz/rpd/2001364173,2026-09-22T19:00:06+02:00,2026-09-22T19:00:06+02:00,2026-09-22T19:00:06+02:00,,,2026-09-22T19:00:06+02:00,,,,High,80,80,ANALYTICS_INSIGHTS,"Analytics, Research & Insights",Prague,14,"Analytics, Research & Insights; Entry-level signal",Advertisement requirements not yet verified; Publication date unknown; first observation is only a lower bound on age; No recent observation or confirmed open detail extraction,2026-10-04-v3.0,,15,First observation: minimum age only,15,LIKELY_OPEN,2026-09-23T15:22:56+00:00,VERIFY_CURRENTNESS,5,VERIFY,Publication date unknown; first observation is only a lower bound on age; No recent observation or confirmed open detail extraction,2026-10-04-v3.0,ENTRY_LEVEL_SIGNAL,0,Seniority: Junior/Entry-level; Job title: Junior Data Specialist (Risk & Finance) - zástup za MD/RD,5
BLT_5330,Junior Data Analyst,SwissBorg,,32 Locations,Analyst,Data/BI Analyst,,Junior,Junior,Junior/Entry-level,YES,Data & Analytics,,https://builtin.com/job/junior-data-analyst/10978603,2026-09-17T10:30:17+02:00,2026-09-17T10:30:17+02:00,2026-09-17T10:30:17+02:00,2026-09-16,2026-09-16,2026-09-16,jsonld_datePosted,EXACT,2026-10-16T12:18:03+00:00,High,75,75,ANALYTICS_INSIGHTS,"Analytics, Research & Insights",Verify Prague eligibility,20,"Analytics, Research & Insights; Entry-level signal",Advertisement requirements not yet verified; Prague eligibility unresolved; Source/title seniority conflict; No recent observation or confirmed open detail extraction,2026-10-04-v3.0,21,21,Published_At,20,OPEN,2026-09-20T09:25:01+00:00,VERIFY_CURRENTNESS,5,VERIFY,No recent observation or confirmed open detail extraction,2026-10-04-v3.0,ENTRY_LEVEL_SIGNAL,0,Seniority: Junior; Job title: Junior Data Analyst,2
JB_0438,PPC specialista / Datový analytik (junior),myTimi s.r.o.,35 000 – 50 000 Kč,Praha – Libeň,Analyst,Data/BI Analyst,,Junior/Entry-level,,Junior/Entry-level,NO,"Data & Analytics, Marketing & Communications",,https://www.jobs.cz/rpd/2001427655,2026-09-18T13:07:05+02:00,2026-09-18T13:07:05+02:00,2026-09-18T13:07:05+02:00,,,,,,,High,72,72,ANALYTICS_INSIGHTS,"Analytics, Research & Insights",Prague,19,"Analytics, Research & Insights; Entry-level signal",Advertisement requirements not yet verified; Czech-language title: workplace language needs verification; Publication date unknown; first observation is only a lower bound on age; No recent observation or confirmed open detail extraction,2026-10-04-v3.0,,19,First observation: minimum age only,19,UNKNOWN,,VERIFY_CURRENTNESS,5,VERIFY,Publication date unknown; first observation is only a lower bound on age; No recent observation or confirmed open detail extraction,2026-10-04-v3.0,ENTRY_LEVEL_SIGNAL,0,Seniority: Junior/Entry-level; Job title: PPC specialista / Datový analytik (junior),2
JB_4768,IDT Junior Marketing Business Analyst (E-Commerce) (m/f),"British American Tobacco (Czech Republic), s.r.o.",,Praha – Karlín,Analyst,Business/Process Analyst,,Junior/Entry-level,,Junior/Entry-level,NO,"Marketing & Communications, Retail & E-commerce",,https://www.jobs.cz/rpd/2001419249,2026-09-11T16:32:03+02:00,2026-09-11T16:32:03+02:00,2026-09-11T16:32:03+02:00,,,2026-09-11T16:32:03+02:00,,,,High,72,72,BUSINESS_PROCESS,"Business, Operations & Process Analysis",Prague,25,"Business, Operations & Process Analysis; Entry-level signal",Advertisement requirements not yet verified; Publication date unknown; first observation is only a lower bound on age; No recent observation or confirmed open detail extraction,2026-10-04-v3.0,,26,First observation: minimum age only,26,LIKELY_OPEN,2026-09-20T10:03:39+00:00,VERIFY_CURRENTNESS,5,VERIFY,Publication date unknown; first observation is only a lower bound on age; No recent observation or confirmed open detail extraction,2026-10-04-v3.0,ENTRY_LEVEL_SIGNAL,0,Seniority: Junior/Entry-level; Job title: IDT Junior Marketing Business Analyst (E-Commerce) (m/f),2
JB_0577,Specialista datových analýz a reportingu (vhodné i pro absolventy),"NET4GAS, s.r.o.",,Praha – Nusle,Specialist,Data/Analytics Specialist,,Junior/Entry-level,,Junior/Entry-level,NO,,,https://www.jobs.cz/rpd/2001419288,2026-09-11T15:58:19+02:00,2026-09-11T15:58:19+02:00,2026-09-11T15:58:19+02:00,,,,,,,High,72,72,ANALYTICS_INSIGHTS,"Analytics, Research & Insights",Prague,25,"Analytics, Research & Insights; Entry-level signal",Advertisement requirements not yet verified; Czech-language title: workplace language needs verification; Publication date unknown; first observation is only a lower bound on age; No recent observation or confirmed open detail extraction,2026-10-04-v3.0,,26,First observation: minimum age only,26,UNKNOWN,,VERIFY_CURRENTNESS,5,VERIFY,Publication date unknown; first observation is only a lower bound on age; No recent observation or confirmed open detail extraction,2026-10-04-v3.0,ENTRY_LEVEL_SIGNAL,0,Seniority: Junior/Entry-level; Job title: Specialista datových analýz a reportingu (vhodné i pro absolventy),5
JB_6664,AI & Data Analytics Intern – 20 hrs/week,"Axial Personnel Agency, s.r.o.",,Praha,Intern/Trainee,Data/Analytics Internship,,Intern/Trainee,,Intern/Trainee,NO,"Data & Analytics, AI & Machine Learning",,https://www.jobs.cz/rpd/2001410112,2026-09-11T15:56:42+02:00,2026-09-11T15:56:42+02:00,2026-09-11T15:56:42+02:00,,,2026-09-11T15:56:42+02:00,,,,High,72,72,BUSINESS_PROCESS,"Business, Operations & Process Analysis",Prague,25,"Business, Operations & Process Analysis; Entry-level signal",Advertisement requirements not yet verified; Publication date unknown; first observation is only a lower bound on age; No recent observation or confirmed open detail extraction,2026-10-04-v3.0,,26,First observation: minimum age only,26,LIKELY_OPEN,2026-09-20T10:04:30+00:00,VERIFY_CURRENTNESS,5,VERIFY,Publication date unknown; first observation is only a lower bound on age; No recent observation or confirmed open detail extraction,2026-10-04-v3.0,ENTRY_LEVEL_SIGNAL,0,Seniority: Intern/Trainee; Job title: AI & Data Analytics Intern – 20 hrs/week,1
BLT_3349,STIBO STEP Business Analyst,Nexer Group,,"Prague, CZE",Analyst,Business/Process Analyst,,Entry level,Entry level,,NO,,,https://builtin.com/job/stibo-step-business-analyst/11102293,,,,2026-09-10,2026-09-10,2026-09-10,jsonld_datePosted,EXACT,2026-10-10T13:04:38+00:00,High,72,72,BUSINESS_PROCESS,"Business, Operations & Process Analysis",Prague,,"Business, Operations & Process Analysis; Entry-level signal",Advertisement requirements not yet verified; No recent observation or confirmed open detail extraction,2026-10-04-v3.0,27,27,Published_At,,OPEN,2026-09-23T15:19:56+00:00,VERIFY_CURRENTNESS,5,VERIFY,No recent observation or confirmed open detail extraction,2026-10-04-v3.0,ENTRY_LEVEL_SIGNAL,0,Seniority: Entry level,1
JB_8335,Pricing Analyst - vhodné i pro absolventy SŠ/VŠ dopravní,DSV Road s.r.o.,,Pavlov,Analyst,Commercial/Pricing Analyst,,Junior/Entry-level,,Junior/Entry-level,NO,Finance & Banking,,https://www.jobs.cz/rpd/2001392279,2026-09-11T15:58:50+02:00,2026-09-11T15:58:50+02:00,2026-09-11T15:58:50+02:00,,,,,,,Good,67,67,ANALYTICS_INSIGHTS,"Analytics, Research & Insights",Verify Prague eligibility,25,"Analytics, Research & Insights; Entry-level signal",Advertisement requirements not yet verified; Czech-language title: workplace language needs verification; Prague eligibility unresolved; Publication date unknown; first observation is only a lower bound on age; No recent observation or confirmed open detail extraction,2026-10-04-v3.0,,26,First observation: minimum age only,26,UNKNOWN,,VERIFY_CURRENTNESS,5,VERIFY,Publication date unknown; first observation is only a lower bound on age; No recent observation or confirmed open detail extraction,2026-10-04-v3.0,ENTRY_LEVEL_SIGNAL,0,Seniority: Junior/Entry-level; Job title: Pricing Analyst - vhodné i pro absolventy SŠ/VŠ dopravní,5
JB_1938,"Junior consultant – technologie, procesy, management (ž/m)",BDO Group s.r.o.,,Praha – Chodov,Consultant,Business/Process Consultant,,Junior/Entry-level,,Junior/Entry-level,NO,,,https://www.jobs.cz/rpd/2001371357,2026-09-11T15:58:06+02:00,2026-09-11T15:58:06+02:00,2026-09-11T15:58:06+02:00,,,2026-09-11T15:58:06+02:00,,,,Good,64,64,BUSINESS_PROCESS,"Business, Operations & Process Analysis",Prague,25,"Business, Operations & Process Analysis; Entry-level signal",Advertisement requirements not yet verified; Czech-language title: workplace language needs verification; Publication date unknown; first observation is only a lower bound on age; No recent observation or confirmed open detail extraction,2026-10-04-v3.0,,26,First observation: minimum age only,26,OPEN,2026-09-20T10:04:07+00:00,VERIFY_CURRENTNESS,5,VERIFY,Publication date unknown; first observation is only a lower bound on age; No recent observation or confirmed open detail extraction,2026-10-04-v3.0,ENTRY_LEVEL_SIGNAL,0,"Seniority: Junior/Entry-level; Job title: Junior consultant – technologie, procesy, management (ž/m)",2
