ID,Job Title,Company,Location,Salary,URL,Mining_Date
IND_6912,Data Analyst,Eurowag,Praha,,https://cz.indeed.com/viewjob?jk=4ad276964033a11e,2026-09-12T12:19:58+02:00
IND_3502,Business Intelligence Analyst I,Transcarent,Praha,,https://cz.indeed.com/viewjob?jk=308e4ed2e85888cd,2026-09-12T12:19:58+02:00
IND_9232,Group Data Analyst Lead,Dr.Max Group,Nové Město,,https://cz.indeed.com/viewjob?jk=dc5e42fc6ccd0a78,2026-09-12T12:19:58+02:00
IND_9562,Technical Business Analyst (Data & Analytics),MSD,15000 Praha,,https://cz.indeed.com/viewjob?jk=52fee9e84a9eef59,2026-09-12T12:19:58+02:00
IND_1256,Datový analytik junior,Fakultní nemocnice Bulovka,Praha,,https://cz.indeed.com/viewjob?jk=6bb3fb4ca04cc31d,2026-09-12T12:19:58+02:00
IND_7412,Data Content Operative,NielsenIQ,Praha 10,,https://cz.indeed.com/viewjob?jk=f13ee2a90bd706de,2026-09-12T12:19:58+02:00
IND_6633,Financial Planning & Analysis Specialist (Data Analytics),MSD,Praha,,https://cz.indeed.com/viewjob?jk=d8e4202e270f3710,2026-09-12T12:19:58+02:00
IND_7894,Procurement Analyst,Amcor,Praha,,https://cz.indeed.com/viewjob?jk=acaa72a12baee843,2026-09-12T12:19:58+02:00
IND_0579,BI Analyst – Trading Operations (Esports) (m/f/x),GRID eSports GmbH,Praha,,https://cz.indeed.com/viewjob?jk=20f4a60933abdcff,2026-09-12T12:19:58+02:00
IND_3934,Business Analyst (f/m/d),Deutsche Börse,Praha,,https://cz.indeed.com/viewjob?jk=ef721376524e9634,2026-09-12T12:19:58+02:00
IND_9045,IT Business Analyst - SW Engineering projekty,Adastra,Praha 8,,https://cz.indeed.com/viewjob?jk=39fb8270c2c7bcd0,2026-09-12T12:19:58+02:00
IND_9259,IT Business Analyst Reporting (w/m/d),Bechtle,Praha,,https://cz.indeed.com/viewjob?jk=c422d2db97aa6513,2026-09-12T12:19:58+02:00
IND_2220,AI Analytics Consultant,Born Digital,Praha,,https://cz.indeed.com/viewjob?jk=f963525977ac850d,2026-09-12T12:19:58+02:00
IND_8112,It Business Analyst,"ADASTRA, s.r.o.",Praha,,https://cz.indeed.com/viewjob?jk=7f966dae2360d22b,2026-09-12T12:19:58+02:00
IND_1806,Core System Tester,NN Group,Praha,,https://cz.indeed.com/viewjob?jk=d0c5928828be84e6,2026-09-12T12:19:58+02:00
IND_8109,Senior Digital Analytics Consultant / Team Lead,Cross Masters,Praha,,https://cz.indeed.com/viewjob?jk=a8471492b118634d,2026-09-12T12:33:52+02:00
IND_4043,Business Data & Discount Specialist,2N TELEKOMUNIKACE a.s.,140 00 Praha 4,,https://cz.indeed.com/viewjob?jk=189e9fa523f7d793,2026-09-12T12:33:52+02:00
IND_9395,Business Data & Discount Specialist,2N TELEKOMUNIKACE,140 00 Praha 4,,https://cz.indeed.com/viewjob?jk=c4f0446001ec8850,2026-09-12T13:12:17+02:00
IND_5612,Customer Service Specialist,Fresenius Medical Care,160 00 Praha 6,,https://cz.indeed.com/viewjob?jk=74c5b7ca159e0e61,2026-09-12T13:12:17+02:00
IND_2298,IT specialista - správa systémů a interní vývoj s AI (částečný úvazek),LDparks Solutions s.r.o.,Praha,,https://cz.indeed.com/viewjob?jk=c6fa687a35e327f7,2026-09-12T13:12:17+02:00
IND_3793,EMPLOYEE ENGAGEMENT SPECIALIST,AmRest,Praha,,https://cz.indeed.com/viewjob?jk=f05eec4af3e980a9,2026-09-12T13:12:17+02:00
IND_4642,JUNIOR Category Manager s němčinou (m/ž/n) - vhodné i pro absolventy,Siemens,Praha 5,,https://cz.indeed.com/viewjob?jk=ed91456bd54302a9,2026-09-12T13:12:17+02:00
IND_5984,TALENT DEVELOPMENT SPECIALIST,AmRest,Praha,,https://cz.indeed.com/viewjob?jk=92bdb9cec1c124c8,2026-09-12T13:12:17+02:00
IND_1701,Project Risk Specialist,ŠKODA TRANSPORTATION,Praha,,https://cz.indeed.com/viewjob?jk=cbcfeb999227ad44,2026-09-12T13:12:17+02:00
IND_0659,Projektový/á IT manažer/ka,METRANS,15000 Praha,,https://cz.indeed.com/viewjob?jk=402a67ca386637b3,2026-09-12T13:12:17+02:00
IND_1343,Specialista krizové připravenosti – dotační agenda (m/ž),Všeobecná fakultní nemocnice v Praze,Praha,,https://cz.indeed.com/viewjob?jk=bbd5b51b847e8481,2026-09-12T13:12:17+02:00
IND_1656,Specialist - ESG & Sustainability (Green Finance & Reporting),Accolade Holding,Praha,,https://cz.indeed.com/viewjob?jk=f63420b85e8761aa,2026-09-12T13:12:17+02:00
IND_6459,Associate Payroll Specialist EMEA,MSD,Praha,,https://cz.indeed.com/viewjob?jk=9d04037842457987,2026-09-12T13:12:17+02:00
IND_8736,Quality Specialist,Kone,Praha,,https://cz.indeed.com/viewjob?jk=865e5b86a8630a00,2026-09-12T13:19:43+02:00
IND_8290,Project Executive - International tým,Market Vision,140 00 Praha 4,,https://cz.indeed.com/viewjob?jk=66a502dd37800cd7,2026-09-12T13:19:43+02:00
IND_5595,Servisní technik - výtahy (PRAHA) s autem i k soukr. účelům,Otis,150 00 Praha 1,,https://cz.indeed.com/viewjob?jk=7b07ad4d0c80abd7,2026-09-12T13:19:43+02:00
IND_1184,Specialista/ka kvality dat a klientský servis,Nielsen Admosphere,Praha,,https://cz.indeed.com/viewjob?jk=5ef9382ba2b0e699,2026-09-12T13:19:43+02:00
