ID,Job Title,Company,Seniority,Grade,URL,Mining_Date,First_Seen_At,Last_Seen_At,Location,Position.Type,Position.Subtype,Secondary Subtype,Role_Family,Provisional.Shortlisting.Score,Caution.Flags,Admission_Status
JST_2175,Ruby on Rails Junior with a passion for AI,Timepress,"Junior, Medior",2,https://www.jobstack.it/it-job/ruby-on-rails-developer/660e4aad9010c,2026-09-12T11:33:02+02:00,2026-09-12T11:33:02+02:00,2026-09-12T11:33:02+02:00,"Praha 6 u metra Petřiny, hybrid",Developer,General Software Developer,,SOFTWARE_BACKEND_FULLSTACK,28,Advertisement requirements not yet verified; Mid-level experience needs verification; Source/title seniority conflict; Publication date unknown; first observation is only a lower bound on age; No recent observation or confirmed open detail extraction,RELEVANT
SJ_107713,"Medior Full-Stack Developer - TypeScript, PostgreSQL & AI",Veroc Brands Group a.s.,Medior/Mid-level,2,https://www.startupjobs.cz/nabidka/107713/medior-full-stack-developer-typescript-postgresql-and-ai,2026-09-12T10:46:32+02:00,2026-09-12T10:46:32+02:00,2026-09-12T10:46:32+02:00,Prague,Developer,Full-Stack Developer,,SOFTWARE_BACKEND_FULLSTACK,8,Advertisement requirements not yet verified; Mid-level experience needs verification; No recent observation or confirmed open detail extraction,RELEVANT
JB_1450,Junior programátor AI,TPA,Junior/Entry-level,2,https://www.jobs.cz/rpd/2001405587,2026-09-11T16:17:54+02:00,2026-09-11T16:17:54+02:00,2026-09-11T16:17:54+02:00,Praha – Krč,Developer,General Software Developer,,SOFTWARE_BACKEND_FULLSTACK,38,Advertisement requirements not yet verified; Publication date unknown; first observation is only a lower bound on age; No recent observation or confirmed open detail extraction,RELEVANT
JB_8586,E-commerce & AI Specialist (junior/medior),OXYGENIC s.r.o.,"Junior/Entry-level, Medior/Mid-level",2,https://www.jobs.cz/rpd/2001412985,2026-09-11T15:57:15+02:00,2026-09-11T15:57:15+02:00,2026-09-11T15:57:15+02:00,Dobrovíz,Specialist,AI/Automation Specialist,,OTHER,5,Advertisement requirements not yet verified; Mid-level experience needs verification; Prague eligibility unresolved; Publication date unknown; first observation is only a lower bound on age; Closed vacancy confirmed by review or detail extraction,RELEVANT
JST_6087,Digital Marketing & Web Optimization Specialist,PromoTron Solutions a.s.,Medior,2,https://www.jobstack.it/it-job/specialista-seo/68e5f3a4b5437,2026-09-12T11:33:02+02:00,2026-09-12T11:33:02+02:00,2026-09-12T11:33:02+02:00,"Táborská 619/46, Praha 4",Specialist,Marketing/Communications Specialist,,OTHER,0,Advertisement requirements not yet verified; Mid-level experience needs verification; Publication date unknown; first observation is only a lower bound on age; No recent observation or confirmed open detail extraction,RELEVANT
JB_5724,Data Scientist Junior / Data Scientist Medior – Corporate Banking (m/f),Raiffeisenbank a.s.,"Junior/Entry-level, Medior/Mid-level",2,https://www.jobs.cz/rpd/2001421579,2026-09-11T15:56:42+02:00,2026-09-11T15:56:42+02:00,2026-09-11T15:56:42+02:00,Praha – Nusle,Scientist,Data Scientist,,DATA_SCIENCE_MODELLING,52,Advertisement requirements not yet verified; Mid-level experience needs verification; Publication date unknown; first observation is only a lower bound on age; No recent observation or confirmed open detail extraction,RELEVANT
BLT_4069,Data Scientist,QuantCo,Junior,1,https://builtin.com/job/data-scientist/3961686,,,,27 Locations,Scientist,Data Scientist,,DATA_SCIENCE_MODELLING,57,Advertisement requirements not yet verified; Prague eligibility unresolved; Ad is at least 41 days old (limit 30),RELEVANT
IND_2220,AI Analytics Consultant,,,2,https://cz.indeed.com/viewjob?jk=f963525977ac850d,,,,,,,,OTHER,0,Advertisement requirements not yet verified; Entry-level accessibility unconfirmed,RELEVANT
SJ_96471,"Generative AI Developer | Velké AI výzvy, viditelný přínos 💡🤖 🎯",Viable One s.r.o,,2,https://www.startupjobs.cz/nabidka/96471/generative-ai-developer-velke-ai-vyzvy-viditelny-prinos,2026-09-12T11:08:03+02:00,2026-09-12T11:08:03+02:00,2026-09-12T11:08:03+02:00,Prague,Developer,General Software Developer,,SOFTWARE_BACKEND_FULLSTACK,0,Advertisement requirements not yet verified; Entry-level accessibility unconfirmed; Czech-language title: workplace language needs verification; Closed vacancy confirmed by review or detail extraction,RELEVANT
SJ_107679,Technical Product Builder / Analytic + AI Engineer (Full-Cycle),KENTINO s.r.o.,,2,https://www.startupjobs.cz/nabidka/107679/technical-product-builder-analytic-ai-engineer-full-cycle,2026-09-12T10:56:33+02:00,2026-09-12T10:56:33+02:00,2026-09-12T10:56:33+02:00,Prague,Engineer,AI/ML Engineer,,DATA_SCIENCE_MODELLING,32,Advertisement requirements not yet verified; Entry-level accessibility unconfirmed; No recent observation or confirmed open detail extraction,RELEVANT
JB_3127,Statistical Modeler in Wildfire Team,Aon Central and Eastern Europe a.s.,,2,https://www.jobs.cz/rpd/2001394085,2026-09-11T17:10:20+02:00,2026-09-11T17:10:20+02:00,2026-09-11T17:10:20+02:00,Praha – Nové Město,Scientist,Statistical/Quantitative Scientist,,DATA_SCIENCE_MODELLING,32,Advertisement requirements not yet verified; Entry-level accessibility unconfirmed; Publication date unknown; first observation is only a lower bound on age; No recent observation or confirmed open detail extraction,RELEVANT
JB_7439,AI Engineer,ČESKÁ NÁRODNÍ BANKA,,2,https://www.jobs.cz/rpd/2001387978,2026-09-11T16:29:24+02:00,2026-09-11T16:29:24+02:00,2026-09-11T16:29:24+02:00,Praha – Nové Město,Engineer,AI/ML Engineer,,DATA_SCIENCE_MODELLING,32,Advertisement requirements not yet verified; Entry-level accessibility unconfirmed; Publication date unknown; first observation is only a lower bound on age; No recent observation or confirmed open detail extraction,RELEVANT
JB_8953,Data analyst for credit risk modeling,"ČSOB Československá obchodní banka, a. s.",,2,https://www.jobs.cz/rpd/2001381192,2026-09-11T15:56:36+02:00,2026-09-11T15:56:36+02:00,2026-09-11T15:56:36+02:00,Hlavní město Praha,Analyst,Data/BI Analyst,,ANALYTICS_INSIGHTS,50,Advertisement requirements not yet verified; Entry-level accessibility unconfirmed; Publication date unknown; first observation is only a lower bound on age; No recent observation or confirmed open detail extraction,RELEVANT
JB_3384,Data insight analyst,Skupina ČEZ,,2,https://www.jobs.cz/rpd/2001295360,2026-09-11T15:56:22+02:00,2026-09-11T15:56:22+02:00,2026-09-11T15:56:22+02:00,Praha – Michle,Analyst,Marketing/Customer Insights Analyst,,ANALYTICS_INSIGHTS,50,Advertisement requirements not yet verified; Entry-level accessibility unconfirmed; Publication date unknown; first observation is only a lower bound on age; No recent observation or confirmed open detail extraction,RELEVANT
JB_0625,Business analytik - junior/medior - (m/ž/n) - PRAHA,"Česká podnikatelská pojišťovna, a.s., VIG","Junior/Entry-level, Medior/Mid-level",2,https://www.jobs.cz/rpd/2001412247,2026-09-11T16:52:09+02:00,2026-09-11T16:52:09+02:00,2026-09-11T16:52:09+02:00,Praha – Karlín,Analyst,Business/Process Analyst,,BUSINESS_PROCESS,54,Advertisement requirements not yet verified; Mid-level experience needs verification; Czech-language title: workplace language needs verification; Publication date unknown; first observation is only a lower bound on age; No recent observation or confirmed open detail extraction,RELEVANT
JB_1634,Junior Analytik /analytička systémových nástrojů,"ČEPS, a.s.",Junior/Entry-level,2,https://www.jobs.cz/rpd/2001137983,2026-09-11T15:58:19+02:00,2026-09-11T15:58:19+02:00,2026-09-11T15:58:19+02:00,Praha – Michle,Analyst,General Analyst,,OTHER,12,Advertisement requirements not yet verified; Czech-language title: workplace language needs verification; Publication date unknown; first observation is only a lower bound on age; No recent observation or confirmed open detail extraction,RELEVANT
JB_0577,Specialista datových analýz a reportingu (vhodné i pro absolventy),"NET4GAS, s.r.o.",Junior/Entry-level,5,https://www.jobs.cz/rpd/2001419288,2026-09-11T15:58:19+02:00,2026-09-11T15:58:19+02:00,2026-09-11T15:58:19+02:00,Praha – Nusle,Specialist,Data/Analytics Specialist,,ANALYTICS_INSIGHTS,72,Advertisement requirements not yet verified; Czech-language title: workplace language needs verification; Publication date unknown; first observation is only a lower bound on age; No recent observation or confirmed open detail extraction,VERIFY
JB_4143,Konzultant AI/Data transformace a change management (m/ž),Škoda Auto a.s.,,2,https://www.jobs.cz/rpd/2001335519,2026-09-11T15:57:28+02:00,2026-09-11T15:57:28+02:00,2026-09-11T15:57:28+02:00,Mladá Boleslav – Mladá Boleslav II,Consultant,AI/Transformation Consultant,,OTHER,0,Advertisement requirements not yet verified; Entry-level accessibility unconfirmed; Czech-language title: workplace language needs verification; Prague eligibility unresolved; Publication date unknown; first observation is only a lower bound on age; No recent observation or confirmed open detail extraction,RELEVANT
BLT_4479,Product Analyst,Solidgate,Junior,2,https://builtin.com/job/product-analyst/8979355,,,,27 Locations,Analyst,Product Analyst,,ANALYTICS_INSIGHTS,75,Advertisement requirements not yet verified; Prague eligibility unresolved; Ad is at least 51 days old (limit 30),RELEVANT
BLT_0502,Quantitative Research Analyst,Second Foundation,Entry level,2,https://builtin.com/job/quantitative-research-analyst/8941799,,,,"Prague, CZE",Analyst,Technical/R&D Analyst,,ANALYTICS_INSIGHTS,80,Advertisement requirements not yet verified; Ad is at least 57 days old (limit 30),RELEVANT
JB_4276,Data Scientist,Ezpada s.r.o.,,1,https://www.jobs.cz/rpd/2001108862,2026-09-11T15:58:25+02:00,2026-09-11T15:58:25+02:00,2026-09-11T15:58:25+02:00,Praha – Nové Město,Scientist,Data Scientist,,DATA_SCIENCE_MODELLING,32,Advertisement requirements not yet verified; Entry-level accessibility unconfirmed; Publication date unknown; first observation is only a lower bound on age; No recent observation or confirmed open detail extraction,RELEVANT
IND_1256,Datový analytik junior,,Junior/Entry-level,2,https://cz.indeed.com/viewjob?jk=6bb3fb4ca04cc31d,,,,,,,,ANALYTICS_INSIGHTS,72,Advertisement requirements not yet verified; Czech-language title: workplace language needs verification,RELEVANT
JB_5806,DWH Developer (Junior & Senior) - Praha,Banka CREDITAS a.s.,"Junior/Entry-level, Senior",2,https://www.jobs.cz/rpd/2001295427,2026-09-11T16:18:18+02:00,2026-09-11T16:18:18+02:00,2026-09-11T16:18:18+02:00,Praha – Karlín,Developer,Data/Database Developer,,DATA_ENGINEERING_DWH,32,Advertisement requirements not yet verified; Mixed seniority needs verification; Publication date unknown; first observation is only a lower bound on age; No recent observation or confirmed open detail extraction,RELEVANT
JB_8335,Pricing Analyst - vhodné i pro absolventy SŠ/VŠ dopravní,DSV Road s.r.o.,Junior/Entry-level,5,https://www.jobs.cz/rpd/2001392279,2026-09-11T15:58:50+02:00,2026-09-11T15:58:50+02:00,2026-09-11T15:58:50+02:00,Pavlov,Analyst,Commercial/Pricing Analyst,,ANALYTICS_INSIGHTS,67,Advertisement requirements not yet verified; Czech-language title: workplace language needs verification; Prague eligibility unresolved; Publication date unknown; first observation is only a lower bound on age; No recent observation or confirmed open detail extraction,VERIFY
JST_9525,IT Solution Analyst,Creditinfo CEE s.r.o.,"Junior, Medior",1,https://www.jobstack.it/it-job/analytik/65df3760a8da9,2026-09-12T11:33:28+02:00,2026-09-12T11:33:28+02:00,2026-09-12T11:33:28+02:00,"Rohanské nábřeží 19, Praha",Analyst,IT/Systems Analyst,,ADJACENT_TECHNICAL,25,Advertisement requirements not yet verified; Mid-level experience needs verification; Publication date unknown; first observation is only a lower bound on age; No recent observation or confirmed open detail extraction,RELEVANT
JST_8194,UK startup looks for a Junior RoR dev keen to learn,Avvoka,"Junior, Medior",2,https://www.jobstack.it/it-job/python-developer/627a82ae181c1,2026-09-12T11:33:16+02:00,2026-09-12T11:33:16+02:00,2026-09-12T11:33:16+02:00,"Praha 6 - Petřiny, hybrid",Developer,General Software Developer,,SOFTWARE_BACKEND_FULLSTACK,28,Advertisement requirements not yet verified; Mid-level experience needs verification; Source/title seniority conflict; Publication date unknown; first observation is only a lower bound on age; No recent observation or confirmed open detail extraction,RELEVANT
JST_0296,"Junior BE programátor, co se nebojí Ruby",Timepress,Junior,2,https://www.jobstack.it/it-job/ruby-on-rails-developer/607d6c3fe3cd0,2026-09-12T11:33:02+02:00,2026-09-12T11:33:02+02:00,2026-09-12T11:33:02+02:00,"Praha 6 - Petřiny, hybrid",Developer,General Software Developer,,SOFTWARE_BACKEND_FULLSTACK,38,Advertisement requirements not yet verified; Source/title seniority conflict; Publication date unknown; first observation is only a lower bound on age; No recent observation or confirmed open detail extraction,RELEVANT
JST_5801,"Junior programátor Ruby, co nemá zaťatý zuby",Timepress,"Junior, Medior",2,https://www.jobstack.it/it-job/ruby-on-rails-developer/607d7030231e2,2026-09-12T11:33:02+02:00,2026-09-12T11:33:02+02:00,2026-09-12T11:33:02+02:00,"Praha 6 u metra Petřiny, hybrid",Developer,General Software Developer,,SOFTWARE_BACKEND_FULLSTACK,20,Advertisement requirements not yet verified; Mid-level experience needs verification; Czech-language title: workplace language needs verification; Source/title seniority conflict; Publication date unknown; first observation is only a lower bound on age; No recent observation or confirmed open detail extraction,RELEVANT
JST_4663,Nadšený backend vývojář na cestě k Ruby,Timepress,"Junior, Medior",2,https://www.jobstack.it/it-job/ruby-on-rails-developer/65fab87b0579d,2026-09-12T11:33:02+02:00,2026-09-12T11:33:02+02:00,2026-09-12T11:33:02+02:00,"Praha 6 u metra Petřiny, hybrid",Developer,Backend Developer,,SOFTWARE_BACKEND_FULLSTACK,20,Advertisement requirements not yet verified; Mid-level experience needs verification; Czech-language title: workplace language needs verification; Publication date unknown; first observation is only a lower bound on age; No recent observation or confirmed open detail extraction,RELEVANT
JST_9151,Ruby on Rails programátor/ka do party,Timepress,"Junior, Medior, Senior",2,https://www.jobstack.it/it-job/python-developer/615b13673423d,2026-09-12T11:33:02+02:00,2026-09-12T11:33:02+02:00,2026-09-12T11:33:02+02:00,"Praha 6 - Petřiny, hybrid",Developer,General Software Developer,,SOFTWARE_BACKEND_FULLSTACK,18,Advertisement requirements not yet verified; Mixed seniority needs verification; Mid-level experience needs verification; Publication date unknown; first observation is only a lower bound on age; No recent observation or confirmed open detail extraction,RELEVANT
SJ_107109,Junior / Mid-level Scala Developer,AMP Algo,"Junior/Entry-level, Medior/Mid-level",1,https://www.startupjobs.cz/nabidka/107109/junior-mid-level-scala-developer,2026-09-12T10:43:17+02:00,2026-09-12T10:43:17+02:00,2026-09-12T10:43:17+02:00,Prague,Developer,General Software Developer,,SOFTWARE_BACKEND_FULLSTACK,28,Advertisement requirements not yet verified; Mid-level experience needs verification; Closed vacancy confirmed by review or detail extraction,RELEVANT
JB_4768,IDT Junior Marketing Business Analyst (E-Commerce) (m/f),"British American Tobacco (Czech Republic), s.r.o.",Junior/Entry-level,2,https://www.jobs.cz/rpd/2001419249,2026-09-11T16:32:03+02:00,2026-09-11T16:32:03+02:00,2026-09-11T16:32:03+02:00,Praha – Karlín,Analyst,Business/Process Analyst,,BUSINESS_PROCESS,72,Advertisement requirements not yet verified; Publication date unknown; first observation is only a lower bound on age; No recent observation or confirmed open detail extraction,RELEVANT
JB_5411,Full-stack Developer | vývoj webových aplikací – zaměřením na UX (vhodné i pro absolventy),24U s.r.o.,Junior/Entry-level,2,https://www.jobs.cz/rpd/2001383520,2026-09-11T16:19:55+02:00,2026-09-11T16:19:55+02:00,2026-09-11T16:19:55+02:00,Praha – Michle,Developer,Full-Stack Developer,,SOFTWARE_BACKEND_FULLSTACK,30,Advertisement requirements not yet verified; Czech-language title: workplace language needs verification; Publication date unknown; first observation is only a lower bound on age; Closed vacancy confirmed by review or detail extraction,RELEVANT
JB_7281,Hledá se Absolvent Programátor,VIAGEM a.s.,Junior/Entry-level,2,https://www.jobs.cz/rpd/2000419605,2026-09-11T16:09:03+02:00,2026-09-11T16:09:03+02:00,2026-09-11T16:09:03+02:00,Praha – Karlín,Developer,General Software Developer,,SOFTWARE_BACKEND_FULLSTACK,30,Advertisement requirements not yet verified; Czech-language title: workplace language needs verification; Publication date unknown; first observation is only a lower bound on age; No recent observation or confirmed open detail extraction,RELEVANT
JB_1938,"Junior consultant – technologie, procesy, management (ž/m)",BDO Group s.r.o.,Junior/Entry-level,2,https://www.jobs.cz/rpd/2001371357,2026-09-11T15:58:06+02:00,2026-09-11T15:58:06+02:00,2026-09-11T15:58:06+02:00,Praha – Chodov,Consultant,Business/Process Consultant,,BUSINESS_PROCESS,64,Advertisement requirements not yet verified; Czech-language title: workplace language needs verification; Publication date unknown; first observation is only a lower bound on age; No recent observation or confirmed open detail extraction,RELEVANT
BLT_3349,STIBO STEP Business Analyst,Nexer Group,Entry level,1,https://builtin.com/job/stibo-step-business-analyst/11102293,,,,"Prague, CZE",Analyst,Business/Process Analyst,,BUSINESS_PROCESS,72,Advertisement requirements not yet verified; No recent observation or confirmed open detail extraction,RELEVANT
JB_6664,AI & Data Analytics Intern – 20 hrs/week,"Axial Personnel Agency, s.r.o.",Intern/Trainee,1,https://www.jobs.cz/rpd/2001410112,2026-09-11T15:56:42+02:00,2026-09-11T15:56:42+02:00,2026-09-11T15:56:42+02:00,Praha,Intern/Trainee,Data/Analytics Internship,,BUSINESS_PROCESS,72,Advertisement requirements not yet verified; Publication date unknown; first observation is only a lower bound on age; No recent observation or confirmed open detail extraction,RELEVANT
JB_1339,Customer Experience & Insights Consultant - m/f/d,"Siemens, s.r.o.",,2,https://www.jobs.cz/rpd/2001371464,2026-09-11T16:08:47+02:00,2026-09-11T16:08:47+02:00,2026-09-11T16:08:47+02:00,Praha – Stodůlky,Consultant,Customer Experience Consultant,,ANALYTICS_INSIGHTS,50,Advertisement requirements not yet verified; Entry-level accessibility unconfirmed; Publication date unknown; first observation is only a lower bound on age; No recent observation or confirmed open detail extraction,RELEVANT
JST_7785,Data Engineer,IDC,Medior,2,https://www.jobstack.it/it-job/python-developer/6995cc3154590,2026-09-12T11:33:02+02:00,2026-09-12T11:33:02+02:00,2026-09-12T11:33:02+02:00,"Malé náměstí 459/11, Praha, Staré Město",Engineer,Data Engineer,,DATA_ENGINEERING_DWH,12,Advertisement requirements not yet verified; Mid-level experience needs verification; Publication date unknown; first observation is only a lower bound on age; No recent observation or confirmed open detail extraction,RELEVANT
JB_9043,DATABRICKS DATA ENGINEER- (fully remote),"SYNERGIE, s.r.o.",,2,https://www.jobs.cz/rpd/2001398712,2026-09-11T15:57:28+02:00,2026-09-11T15:57:28+02:00,2026-09-11T15:57:28+02:00,okres Praha,Engineer,Data Engineer,,DATA_ENGINEERING_DWH,12,Advertisement requirements not yet verified; Entry-level accessibility unconfirmed; Publication date unknown; first observation is only a lower bound on age; No recent observation or confirmed open detail extraction,RELEVANT
JB_1649,Experienced AI/ML Researcher (m/f/n),ESET Research Czech Republic s.r.o.,,2,https://www.jobs.cz/rpd/2001282734,2026-09-11T16:18:40+02:00,2026-09-11T16:18:40+02:00,2026-09-11T16:18:40+02:00,Praha – Holešovice + 1 další lokalita,Researcher,General Researcher,,OTHER,0,Advertisement requirements not yet verified; Entry-level accessibility unconfirmed; Publication date unknown; first observation is only a lower bound on age; No recent observation or confirmed open detail extraction,RELEVANT
JB_0855,Technical Solutions Analyst (Catastrophe Modeling),Aon Central and Eastern Europe a.s.,,2,https://www.jobs.cz/rpd/2001065951,2026-09-11T15:58:59+02:00,2026-09-11T15:58:59+02:00,2026-09-11T15:58:59+02:00,Praha – Nové Město,Analyst,IT/Systems Analyst,,ADJACENT_TECHNICAL,5,Advertisement requirements not yet verified; Entry-level accessibility unconfirmed; Publication date unknown; first observation is only a lower bound on age; No recent observation or confirmed open detail extraction,RELEVANT
BLT_1841,Data Engineer (Marketing Systems),Ruby Labs,Mid level,2,https://builtin.com/job/data-engineer-marketing-systems/10592266,,,,25 Locations,Engineer,Data Engineer,,DATA_ENGINEERING_DWH,7,Advertisement requirements not yet verified; Mid-level experience needs verification; Prague eligibility unresolved; Ad is at least 57 days old (limit 30),RELEVANT
JB_2598,DATA ENGINEERS EN PRAGA,S&you by SYNERGIE,,2,https://www.jobs.cz/rpd/2001383249,2026-09-11T17:10:20+02:00,2026-09-11T17:10:20+02:00,2026-09-11T17:10:20+02:00,okres Praha,Engineer,Data Engineer,,DATA_ENGINEERING_DWH,12,Advertisement requirements not yet verified; Entry-level accessibility unconfirmed; Publication date unknown; first observation is only a lower bound on age; No recent observation or confirmed open detail extraction,RELEVANT
JB_0454,RISK & AI ENGINEER,MONEE TECH GROUP s.r.o.,,2,https://www.jobs.cz/rpd/2001286494,2026-09-11T15:58:25+02:00,2026-09-11T15:58:25+02:00,2026-09-11T15:58:25+02:00,Praha – Nové Město,Engineer,AI/ML Engineer,,DATA_SCIENCE_MODELLING,32,Advertisement requirements not yet verified; Entry-level accessibility unconfirmed; Publication date unknown; first observation is only a lower bound on age; No recent observation or confirmed open detail extraction,RELEVANT
JB_5911,DATA ENGINEERS EM PRAGA,S&you by SYNERGIE,,2,https://www.jobs.cz/rpd/2001383280,2026-09-11T17:10:20+02:00,2026-09-11T17:10:20+02:00,2026-09-11T17:10:20+02:00,okres Praha,Engineer,Data Engineer,,DATA_ENGINEERING_DWH,12,Advertisement requirements not yet verified; Entry-level accessibility unconfirmed; Publication date unknown; first observation is only a lower bound on age; No recent observation or confirmed open detail extraction,RELEVANT
JB_7965,GOOGLE DATA ENGINEER- (fully remote),"SYNERGIE, s.r.o.",,2,https://www.jobs.cz/rpd/2001398714,2026-09-11T15:57:03+02:00,2026-09-11T15:57:03+02:00,2026-09-11T15:57:03+02:00,okres Praha,Engineer,Data Engineer,,DATA_ENGINEERING_DWH,12,Advertisement requirements not yet verified; Entry-level accessibility unconfirmed; Publication date unknown; first observation is only a lower bound on age; No recent observation or confirmed open detail extraction,RELEVANT
JB_3184,Student internship - Configuration Management,"Siemens, s.r.o.",Intern/Trainee,1,https://www.jobs.cz/rpd/2001415025,2026-09-11T16:30:10+02:00,2026-09-11T16:30:10+02:00,2026-09-11T16:30:10+02:00,Praha – Stodůlky,Intern/Trainee,General Internship/Traineeship,,OTHER,20,Advertisement requirements not yet verified; Publication date unknown; first observation is only a lower bound on age; No recent observation or confirmed open detail extraction,RELEVANT
JB_7416,Junior Media Planner / Marketing Specialist,"Omnicom Media Group Czech, s.r.o.",Junior/Entry-level,2,https://www.jobs.cz/rpd/2001134330,2026-09-11T15:58:49+02:00,2026-09-11T15:58:49+02:00,2026-09-11T15:58:49+02:00,Praha – Nusle,Planner,Media Planner,,OTHER,20,Advertisement requirements not yet verified; Publication date unknown; first observation is only a lower bound on age; No recent observation or confirmed open detail extraction,RELEVANT
JB_3187,JUNIORNÍ POJISTNÝ MATEMATIK/ČKA (DPP),Generali Česká pojišťovna,Junior/Entry-level,2,https://www.jobs.cz/rpd/2001384423,2026-09-11T16:18:40+02:00,2026-09-11T16:18:40+02:00,2026-09-11T16:18:40+02:00,Praha – Michle,Specialist,Insurance/Actuarial Specialist,,OTHER,12,Advertisement requirements not yet verified; Czech-language title: workplace language needs verification; Publication date unknown; first observation is only a lower bound on age; No recent observation or confirmed open detail extraction,RELEVANT
JB_6907,IT Transformation trainee (f/m),T-Mobile Czech Republic a.s.,Intern/Trainee,2,https://www.jobs.cz/rpd/2001277555,2026-09-11T16:17:54+02:00,2026-09-11T16:17:54+02:00,2026-09-11T16:17:54+02:00,Praha – Chodov,Intern/Trainee,Engineering/IT Internship,,OTHER,20,Advertisement requirements not yet verified; Publication date unknown; first observation is only a lower bound on age; No recent observation or confirmed open detail extraction,RELEVANT
IND_4043,Business Data & Discount Specialist,,,2,https://cz.indeed.com/viewjob?jk=189e9fa523f7d793,,,,,,,,OTHER,0,Advertisement requirements not yet verified; Entry-level accessibility unconfirmed,RELEVANT
JB_8187,Aplikační specialista / IS Analytik,"CPI Services, a.s.",,2,https://www.jobs.cz/rpd/2001330540,2026-09-11T16:53:41+02:00,2026-09-11T16:53:41+02:00,2026-09-11T16:53:41+02:00,Praha – Nové Město,Analyst,General Analyst,,OTHER,0,Advertisement requirements not yet verified; Entry-level accessibility unconfirmed; Czech-language title: workplace language needs verification; Publication date unknown; first observation is only a lower bound on age; No recent observation or confirmed open detail extraction,RELEVANT
JB_8816,Marketing Data Analyst - m/f/d,"Siemens, s.r.o.",,2,https://www.jobs.cz/rpd/2001426672,2026-09-15T10:55:38+02:00,2026-09-15T10:55:38+02:00,2026-09-15T10:55:38+02:00,Praha – Stodůlky,Analyst,Data/BI Analyst,,ANALYTICS_INSIGHTS,50,Advertisement requirements not yet verified; Entry-level accessibility unconfirmed; Publication date unknown; first observation is only a lower bound on age; No recent observation or confirmed open detail extraction,RELEVANT
JB_4229,RESEARCH AND SALES ANALYST- DEVELOPER - REAL ESTATE,Prušák Group s.r.o.,,1,https://www.jobs.cz/rpd/2001402871,2026-09-11T15:58:59+02:00,2026-09-11T15:58:59+02:00,2026-09-11T15:58:59+02:00,Praha,Analyst,Technical/R&D Analyst,,SOFTWARE_BACKEND_FULLSTACK,8,Advertisement requirements not yet verified; Entry-level accessibility unconfirmed; Publication date unknown; first observation is only a lower bound on age; No recent observation or confirmed open detail extraction,RELEVANT
JB_0438,PPC specialista / Datový analytik (junior),myTimi s.r.o.,Junior/Entry-level,2,https://www.jobs.cz/rpd/2001427655,2026-09-18T13:07:05+02:00,2026-09-18T13:07:05+02:00,2026-09-18T13:07:05+02:00,Praha – Libeň,Analyst,Data/BI Analyst,,ANALYTICS_INSIGHTS,72,Advertisement requirements not yet verified; Czech-language title: workplace language needs verification; Publication date unknown; first observation is only a lower bound on age; No recent observation or confirmed open detail extraction,RELEVANT
BLT_5330,Junior Data Analyst,SwissBorg,Junior,2,https://builtin.com/job/junior-data-analyst/10978603,2026-09-17T10:30:17+02:00,2026-09-17T10:30:17+02:00,2026-09-17T10:30:17+02:00,32 Locations,Analyst,Data/BI Analyst,,ANALYTICS_INSIGHTS,75,Advertisement requirements not yet verified; Prague eligibility unresolved; Source/title seniority conflict; No recent observation or confirmed open detail extraction,RELEVANT
JB_7743,Data Governance Lead,Skanska,Lead/Head,2,https://www.jobs.cz/rpd/2001419354,2026-09-11T15:56:57+02:00,2026-09-11T15:56:57+02:00,2026-09-11T15:56:57+02:00,okres Praha,Manager,Data/AI Manager,,ANALYTICS_INSIGHTS,20,Advertisement requirements not yet verified; Senior/lead requirement needs verification; Publication date unknown; first observation is only a lower bound on age; No recent observation or confirmed open detail extraction,RELEVANT
JB_1879,RESEARCH AND SALES ANALYST- DEVELOPER - REAL ESTATE,Prušák Group s.r.o.,,1,https://www.jobs.cz/rpd/2001411697,2026-09-11T15:58:59+02:00,2026-09-11T15:58:59+02:00,2026-09-11T15:58:59+02:00,Praha,Analyst,Technical/R&D Analyst,,SOFTWARE_BACKEND_FULLSTACK,8,Advertisement requirements not yet verified; Entry-level accessibility unconfirmed; Publication date unknown; first observation is only a lower bound on age; No recent observation or confirmed open detail extraction,RELEVANT
SJ_107905,Data Analyst | Microsoft Fabric (možnost remote spolupráce),BizzTreat,,2,https://www.startupjobs.cz/nabidka/107905/data-analyst-microsoft-fabric-moznost-remote-spoluprace,2026-09-18T18:57:39+02:00,2026-09-18T18:57:39+02:00,2026-09-18T18:57:39+02:00,Prague,Analyst,Data/BI Analyst,,ANALYTICS_INSIGHTS,42,Advertisement requirements not yet verified; Entry-level accessibility unconfirmed; Czech-language title: workplace language needs verification; No recent observation or confirmed open detail extraction,RELEVANT
JB_2938,BI Analyst,Zaplo Finance s.r.o.,,2,https://www.jobs.cz/rpd/2001433684,2026-09-18T17:42:28+02:00,2026-09-18T17:42:28+02:00,2026-09-18T17:42:28+02:00,Hlavní město Praha,Analyst,Data/BI Analyst,,ANALYTICS_INSIGHTS,50,Advertisement requirements not yet verified; Entry-level accessibility unconfirmed; Publication date unknown; first observation is only a lower bound on age; No recent observation or confirmed open detail extraction,RELEVANT
JB_8701,Data Analyst,Blue Style a.s.,,2,https://www.jobs.cz/rpd/2001426678,2026-09-15T10:55:38+02:00,2026-09-15T10:55:38+02:00,2026-09-15T10:55:38+02:00,Praha – Karlín,Analyst,Data/BI Analyst,,ANALYTICS_INSIGHTS,50,Advertisement requirements not yet verified; Entry-level accessibility unconfirmed; Publication date unknown; first observation is only a lower bound on age; No recent observation or confirmed open detail extraction,RELEVANT
JB_2409,Specialista datového skladu,"ČEPS, a.s.",,2,https://www.jobs.cz/rpd/2001374002,2026-09-11T15:58:50+02:00,2026-09-11T15:58:50+02:00,2026-09-11T15:58:50+02:00,Praha – Michle,Specialist,Data/Analytics Specialist,,ANALYTICS_INSIGHTS,42,Advertisement requirements not yet verified; Entry-level accessibility unconfirmed; Czech-language title: workplace language needs verification; Publication date unknown; first observation is only a lower bound on age; No recent observation or confirmed open detail extraction,RELEVANT
BLT_0726,"Software Engineer, Containers",Everpure,Entry level,2,https://builtin.com/job/software-engineer-containers/11203487,2026-09-17T10:31:21+02:00,2026-09-17T10:31:21+02:00,2026-09-17T10:31:21+02:00,"Prague, CZE",Engineer,Software Engineer,,SOFTWARE_BACKEND_FULLSTACK,38,Advertisement requirements not yet verified; No recent observation or confirmed open detail extraction,RELEVANT
JB_8174,BI konzultant,"Asseco Solutions, a.s.",,1,https://www.jobs.cz/rpd/2001338427,2026-09-11T15:57:28+02:00,2026-09-11T15:57:28+02:00,2026-09-11T15:57:28+02:00,Praha – Braník,Consultant,Data/Analytics Consultant,,ANALYTICS_INSIGHTS,42,Advertisement requirements not yet verified; Entry-level accessibility unconfirmed; Czech-language title: workplace language needs verification; Publication date unknown; first observation is only a lower bound on age; No recent observation or confirmed open detail extraction,RELEVANT
BLT_2379,Junior Software Engineer,ComplyAdvantage,Junior,2,https://builtin.com/job/junior-software-engineer/9112895,2026-09-14T23:27:16+02:00,2026-09-14T23:27:16+02:00,2026-09-14T23:27:16+02:00,"Prague, CZE",Engineer,Software Engineer,,SOFTWARE_BACKEND_FULLSTACK,38,Advertisement requirements not yet verified; Source/title seniority conflict; Ad is at least 63 days old (limit 30),RELEVANT
BLT_2344,Full Stack Software Engineer,Ergodic AI,Entry level,2,https://builtin.com/job/full-stack-software-engineer/10949761,2026-09-14T23:27:53+02:00,2026-09-14T23:27:53+02:00,2026-09-14T23:27:53+02:00,29 Locations,Engineer,Software Engineer,,SOFTWARE_BACKEND_FULLSTACK,33,Advertisement requirements not yet verified; Prague eligibility unresolved; No recent observation or confirmed open detail extraction,RELEVANT
BLT_9803,Backend Engineer (NestJS / Go),Draftboard,Entry level,2,https://builtin.com/job/backend-engineer-nestjs-go/11070380,2026-09-14T23:27:38+02:00,2026-09-14T23:27:38+02:00,2026-09-14T23:27:38+02:00,27 Locations,Engineer,Software Engineer,,SOFTWARE_BACKEND_FULLSTACK,33,Advertisement requirements not yet verified; Prague eligibility unresolved; No recent observation or confirmed open detail extraction,RELEVANT
SJ_107907,"CDP & CRM Automation Specialist Prague, Czechia · Hybrid ·",Meiro.io,,2,https://www.startupjobs.cz/nabidka/107907/cdp-and-crm-automation-specialist-prague-czechia-hybrid-full-time,2026-09-18T19:01:54+02:00,2026-09-18T19:01:54+02:00,2026-09-18T19:01:54+02:00,Prague,Specialist,AI/Automation Specialist,,OTHER,0,Advertisement requirements not yet verified; Entry-level accessibility unconfirmed; No recent observation or confirmed open detail extraction,RELEVANT
JB_1010,Quantitative Analyst - Prague,"EP Commodities, a.s.",,1,https://www.jobs.cz/rpd/2001433080,2026-09-18T13:06:12+02:00,2026-09-18T13:06:12+02:00,2026-09-18T13:06:12+02:00,Praha – Nové Město,Analyst,Quantitative/Statistical Analyst,,ANALYTICS_INSIGHTS,50,Advertisement requirements not yet verified; Entry-level accessibility unconfirmed; Publication date unknown; first observation is only a lower bound on age; No recent observation or confirmed open detail extraction,RELEVANT
JB_5753,Consultant – Market Intelligence & Customer Experience - m/f/d,"Siemens, s.r.o.",,2,https://www.jobs.cz/rpd/2001426702,2026-09-15T11:03:51+02:00,2026-09-15T11:03:51+02:00,2026-09-15T11:03:51+02:00,Praha – Stodůlky,Consultant,Customer Experience Consultant,,ANALYTICS_INSIGHTS,50,Advertisement requirements not yet verified; Entry-level accessibility unconfirmed; Publication date unknown; first observation is only a lower bound on age; No recent observation or confirmed open detail extraction,RELEVANT
JB_2012,Data Analyst (fintech),Orka Group Services a.s.,,2,https://www.jobs.cz/rpd/2001394246,2026-09-11T15:56:42+02:00,2026-09-11T15:56:42+02:00,2026-09-11T15:56:42+02:00,Praha – Smíchov,Analyst,Data/BI Analyst,,ANALYTICS_INSIGHTS,50,Advertisement requirements not yet verified; Entry-level accessibility unconfirmed; Publication date unknown; first observation is only a lower bound on age; No recent observation or confirmed open detail extraction,RELEVANT
JB_3752,Data Analyst Products,"MONETA Money Bank, a.s.",,2,https://www.jobs.cz/rpd/2001193496,2026-09-11T15:56:36+02:00,2026-09-11T15:56:36+02:00,2026-09-11T15:56:36+02:00,Praha,Analyst,Data/BI Analyst,,ANALYTICS_INSIGHTS,50,Advertisement requirements not yet verified; Entry-level accessibility unconfirmed; Publication date unknown; first observation is only a lower bound on age; No recent observation or confirmed open detail extraction,RELEVANT
JB_9027,Financial Data Analyst (m/f),Randstad HR Solutions s.r.o.,,2,https://www.jobs.cz/rpd/2001298967,2026-09-11T15:56:36+02:00,2026-09-11T15:56:36+02:00,2026-09-11T15:56:36+02:00,Praha,Analyst,Data/BI Analyst,,ANALYTICS_INSIGHTS,50,Advertisement requirements not yet verified; Entry-level accessibility unconfirmed; Publication date unknown; first observation is only a lower bound on age; No recent observation or confirmed open detail extraction,RELEVANT
JB_7828,Data Analyst - Financial Crime team,"PricewaterhouseCoopers Česká republika, s.r.o.",,1,https://www.jobs.cz/rpd/2001397904,2026-09-11T15:56:22+02:00,2026-09-11T15:56:22+02:00,2026-09-11T15:56:22+02:00,Praha – Nusle + 1 další lokalita,Analyst,Data/BI Analyst,,ANALYTICS_INSIGHTS,50,Advertisement requirements not yet verified; Entry-level accessibility unconfirmed; Publication date unknown; first observation is only a lower bound on age; No recent observation or confirmed open detail extraction,RELEVANT
JB_6631,Python Developer – AI aplikace pro mediální dům (Denik.cz),VLTAVA LABE MEDIA a.s.,,2,https://www.jobs.cz/rpd/2001367610,2026-09-20T09:43:01+02:00,2026-09-20T09:43:01+02:00,2026-09-20T09:43:01+02:00,Praha – Jinonice,Developer,General Software Developer,,SOFTWARE_BACKEND_FULLSTACK,1,Advertisement requirements not yet verified; Entry-level accessibility unconfirmed; Czech-language title: workplace language needs verification; Publication date unknown; first observation is only a lower bound on age,RELEVANT
SJ_107927,Junior / Mid-level Scala Developer,AMP Algo,"Junior/Entry-level, Medior/Mid-level",1,https://www.startupjobs.cz/nabidka/107927/junior-mid-level-scala-developer,2026-09-20T10:52:57+02:00,2026-09-20T10:52:57+02:00,2026-09-20T10:52:57+02:00,Prague,Developer,General Software Developer,,SOFTWARE_BACKEND_FULLSTACK,28,Advertisement requirements not yet verified; Mid-level experience needs verification,RELEVANT
JB_8030,IT BI/DWH specialista*ka – junior/medior,Raiffeisenbank a.s.,"Junior/Entry-level, Medior/Mid-level",2,https://www.jobs.cz/rpd/2001272827,2026-09-21T17:35:11+02:00,2026-09-21T17:35:11+02:00,2026-09-21T17:35:11+02:00,Praha – Nusle,Specialist,Data/Analytics Specialist,,DATA_ENGINEERING_DWH,24,Advertisement requirements not yet verified; Mid-level experience needs verification; Czech-language title: workplace language needs verification; Publication date unknown; first observation is only a lower bound on age,RELEVANT
JB_3410,Gen AI Engineer / Consultant,Accenture,,2,https://www.jobs.cz/rpd/2001438728,2026-09-21T17:35:02+02:00,2026-09-21T17:35:02+02:00,2026-09-21T17:35:02+02:00,Praha – Holešovice,Engineer,AI/ML Engineer,,DATA_SCIENCE_MODELLING,32,Advertisement requirements not yet verified; Entry-level accessibility unconfirmed; Publication date unknown; first observation is only a lower bound on age,RELEVANT
JB_9221,Market Research Analyst / Consultant - Beauty & Wellbeing | Prague,Kline CZ s.r.o.,,1,https://www.jobs.cz/rpd/2001438847,2026-09-21T17:23:01+02:00,2026-09-21T17:23:01+02:00,2026-09-21T17:23:01+02:00,Praha – Stodůlky,Analyst,Market/Consumer Intelligence Analyst,,ANALYTICS_INSIGHTS,50,Advertisement requirements not yet verified; Entry-level accessibility unconfirmed; Publication date unknown; first observation is only a lower bound on age,RELEVANT
JB_8296,Trainee pro Data CoE - Data analytik/čka s přesahem do Data Engineering,Trainee program v KB,Intern/Trainee,2,https://www.jobs.cz/rpd/2001358369,2026-09-21T17:22:21+02:00,2026-09-21T17:22:21+02:00,2026-09-21T17:22:21+02:00,Praha – Stodůlky,Analyst,General Analyst,,OTHER,12,Advertisement requirements not yet verified; Czech-language title: workplace language needs verification; Publication date unknown; first observation is only a lower bound on age,RELEVANT
SJ_386519,CDP & CRM Automation Specialist | On-site or Hybrid,Meiro.io,,2,https://www.startupjobs.cz/nabidka/107907/cdp-and-crm-automation-specialist-on-site-or-hybrid,2026-09-21T19:01:07+02:00,2026-09-21T19:01:07+02:00,2026-09-21T19:01:07+02:00,Prague,Specialist,AI/Automation Specialist,,OTHER,0,Advertisement requirements not yet verified; Entry-level accessibility unconfirmed,RELEVANT
SJ_108003,Business Intelligence Analyst (junior),Transcarent Technologies s.r.o.,Junior/Entry-level,1,https://www.startupjobs.cz/nabidka/108003/business-intelligence-analyst-junior,2026-09-22T20:37:21+02:00,2026-09-22T20:37:21+02:00,2026-09-22T20:37:21+02:00,Prague,Analyst,Data/BI Analyst,,ANALYTICS_INSIGHTS,80,Advertisement requirements not yet verified,RELEVANT
JB_7243,Junior Data Specialist (Risk & Finance) - zástup za MD/RD,innogy Česká republika a.s.,Junior/Entry-level,5,https://www.jobs.cz/rpd/2001364173,2026-09-22T19:00:06+02:00,2026-09-22T19:00:06+02:00,2026-09-22T19:00:06+02:00,Praha – Strašnice,Specialist,Data/Analytics Specialist,,ANALYTICS_INSIGHTS,80,Advertisement requirements not yet verified; Publication date unknown; first observation is only a lower bound on age,VERIFY
JB_9917,Data Engineer,Skupina Klik.cz,,1,https://www.jobs.cz/rpd/2001437959,2026-09-21T17:22:11+02:00,2026-09-21T17:22:11+02:00,2026-09-21T17:22:11+02:00,Praha – Karlín,Engineer,Data Engineer,,DATA_ENGINEERING_DWH,12,Advertisement requirements not yet verified; Entry-level accessibility unconfirmed; Publication date unknown; first observation is only a lower bound on age,RELEVANT
JST_2895,Data Engineer,NOTIX s.r.o.,"Junior, Medior, Senior, Expert",2,https://www.jobstack.it/it-job/integration-developer/6ab0e4edcc628,2026-09-21T18:52:21+02:00,2026-09-21T18:52:21+02:00,2026-09-21T18:52:21+02:00,Praha,Engineer,Data Engineer,,DATA_ENGINEERING_DWH,22,Advertisement requirements not yet verified; Mixed seniority needs verification; Mid-level experience needs verification; Publication date unknown; first observation is only a lower bound on age,RELEVANT
SJ_107779,Django/Python Developer/ka,Zentity a.s.,,2,https://www.startupjobs.cz/nabidka/107779/django-python-developer-ka,2026-09-14T22:28:07+02:00,2026-09-14T22:28:07+02:00,2026-09-14T22:28:07+02:00,Prague,Developer,General Software Developer,,SOFTWARE_BACKEND_FULLSTACK,9,Advertisement requirements not yet verified; Entry-level accessibility unconfirmed; No recent observation or confirmed open detail extraction,RELEVANT
JB_4947,Datový analytik pro správu zásob (ž/m),"ROSSMANN,spol.s r.o.",,2,https://www.jobs.cz/rpd/2001441195,2026-09-22T19:00:32+02:00,2026-09-22T19:00:32+02:00,2026-09-22T19:00:32+02:00,Praha – Nusle,Analyst,Data/BI Analyst,,ANALYTICS_INSIGHTS,42,Advertisement requirements not yet verified; Entry-level accessibility unconfirmed; Czech-language title: workplace language needs verification; Publication date unknown; first observation is only a lower bound on age,RELEVANT
JB_8751,Business/Datový analytik,"ČSOB Pojišťovna, a. s., člen holdingu ČSOB",,2,https://www.jobs.cz/rpd/2001440840,2026-09-22T18:59:53+02:00,2026-09-22T18:59:53+02:00,2026-09-22T18:59:53+02:00,Praha – Radlice + 1 další lokalita,Analyst,Data/BI Analyst,,ANALYTICS_INSIGHTS,42,Advertisement requirements not yet verified; Entry-level accessibility unconfirmed; Czech-language title: workplace language needs verification; Publication date unknown; first observation is only a lower bound on age,RELEVANT
JB_2233,Začínající Datový Analytik,Cross Masters a.s.,,1,https://www.jobs.cz/rpd/2001439136,2026-09-21T17:23:52+02:00,2026-09-21T17:23:52+02:00,2026-09-21T17:23:52+02:00,Praha – Nové Město,Analyst,Data/BI Analyst,,ANALYTICS_INSIGHTS,42,Advertisement requirements not yet verified; Entry-level accessibility unconfirmed; Czech-language title: workplace language needs verification; Publication date unknown; first observation is only a lower bound on age,RELEVANT
SJ_108049,"QA Tester, AI and automation (student or entry level job)",Deafcom Solutions International,Junior/Entry-level,2,https://www.startupjobs.cz/nabidka/108049/qa-tester-ai-and-automation-student-or-entry-level-job,2026-09-23T21:48:38+02:00,2026-09-23T21:48:38+02:00,2026-09-23T21:48:38+02:00,Prague,Tester,Automation Tester,,ADJACENT_TECHNICAL,35,Advertisement requirements not yet verified,RELEVANT
JB_9593,Data Scientist / Data Engineer and Process Mining Architect,Processand s.r.o.,,1,https://www.jobs.cz/rpd/2000932703,2026-09-23T20:05:26+02:00,2026-09-23T20:05:26+02:00,2026-09-23T20:05:26+02:00,Praha – Karlín,Architect,Data Architect,,DATA_ENGINEERING_DWH,12,Advertisement requirements not yet verified; Entry-level accessibility unconfirmed; Publication date unknown; first observation is only a lower bound on age,RELEVANT
BLT_2781,Data Analytics Engineer,IDC,Junior,2,https://builtin.com/job/data-analytics-engineer/11311665,2026-09-23T20:00:09+02:00,2026-09-23T20:00:09+02:00,2026-09-23T20:00:09+02:00,"Prague, CZE",Engineer,Data Engineer,,DATA_ENGINEERING_DWH,42,Advertisement requirements not yet verified,RELEVANT
JB_1181,Business Intelligence Analyst | AI & Data Analytics,Vodafone Czech Republic a.s.,,1,https://www.jobs.cz/rpd/2001446123,2026-09-25T10:05:19+02:00,2026-09-25T10:05:19+02:00,2026-09-25T10:05:19+02:00,Praha – Stodůlky,Analyst,Data/BI Analyst,,ANALYTICS_INSIGHTS,50,Advertisement requirements not yet verified; Entry-level accessibility unconfirmed; Publication date unknown; first observation is only a lower bound on age,RELEVANT
JB_1733,Data Engineer (Databricks) - Chceš stavět lakehouse v enterprise měřítku?,ADASTRA CZ s.r.o.,,2,https://www.jobs.cz/rpd/2001445086,2026-09-25T10:05:19+02:00,2026-09-25T10:05:19+02:00,2026-09-25T10:05:19+02:00,Praha – Karlín,Engineer,Data Engineer,,DATA_ENGINEERING_DWH,4,Advertisement requirements not yet verified; Entry-level accessibility unconfirmed; Czech-language title: workplace language needs verification; Publication date unknown; first observation is only a lower bound on age,RELEVANT
JB_2382,Datový analytik/Datová analytička junior,"Česká pošta, s.p.",Junior/Entry-level,5,https://www.jobs.cz/rpd/2001446338,2026-09-25T11:26:15+02:00,2026-09-25T11:26:15+02:00,2026-09-25T11:26:15+02:00,Praha,Analyst,Data/BI Analyst,,ANALYTICS_INSIGHTS,72,Advertisement requirements not yet verified; Czech-language title: workplace language needs verification; Publication date unknown; first observation is only a lower bound on age,VERIFY
JB_4607,Data Engineer*ka - Praha,Raiffeisenbank a.s.,,2,https://www.jobs.cz/rpd/2001444921,2026-09-25T10:05:25+02:00,2026-09-25T10:05:25+02:00,2026-09-25T10:05:25+02:00,Praha,Engineer,Data Engineer,,DATA_ENGINEERING_DWH,12,Advertisement requirements not yet verified; Entry-level accessibility unconfirmed; Publication date unknown; first observation is only a lower bound on age,RELEVANT
JB_9818,Datový analytik (m/ž),"ČSOB Československá obchodní banka, a. s.",,2,https://www.jobs.cz/rpd/2001433421,2026-09-25T10:06:08+02:00,2026-09-25T10:06:08+02:00,2026-09-25T10:06:08+02:00,Hlavní město Praha,Analyst,Data/BI Analyst,,ANALYTICS_INSIGHTS,42,Advertisement requirements not yet verified; Entry-level accessibility unconfirmed; Czech-language title: workplace language needs verification; Publication date unknown; first observation is only a lower bound on age,RELEVANT
JB_2403,Associate Software Engineer - Full Stack,DHL Information Services (Europe) s.r.o.,,2,https://www.jobs.cz/rpd/2001437917,2026-09-21T18:25:03+02:00,2026-09-21T18:25:03+02:00,2026-09-21T18:25:03+02:00,Praha – Chodov,Engineer,Software Engineer,,SOFTWARE_BACKEND_FULLSTACK,8,Advertisement requirements not yet verified; Entry-level accessibility unconfirmed; Publication date unknown; first observation is only a lower bound on age,RELEVANT
BLT_4190,RGM Data Analyst,Lingaro,Entry level,1,https://builtin.com/job/rgm-data-analyst/11458469,2026-10-02T11:04:35+02:00,2026-10-02T11:04:35+02:00,2026-10-02T11:04:35+02:00,27 Locations,Analyst,Data/BI Analyst,,ANALYTICS_INSIGHTS,75,Advertisement requirements not yet verified; Prague eligibility unresolved; Publication date unknown; first observation is only a lower bound on age,RELEVANT
BLT_1537,Data Analyst,Tripledot Studios,Entry level,2,https://builtin.com/job/data-analyst/11393293,2026-09-29T10:52:30+02:00,2026-09-29T10:52:30+02:00,2026-09-29T10:52:30+02:00,26 Locations,Analyst,Data/BI Analyst,,ANALYTICS_INSIGHTS,75,Advertisement requirements not yet verified; Prague eligibility unresolved; Publication date unknown; first observation is only a lower bound on age,RELEVANT
SJ_108185,Junior AI Engineer,ARTIN,Junior/Entry-level,5,https://www.startupjobs.cz/nabidka/108185/junior-ai-engineer,2026-10-02T12:43:39+02:00,2026-10-02T12:43:39+02:00,2026-10-02T12:43:39+02:00,Prague,Engineer,AI/ML Engineer,,DATA_SCIENCE_MODELLING,62,Advertisement requirements not yet verified; Publication date unknown; first observation is only a lower bound on age,VERIFY
JB_0626,Treasury Data Analyst - Prague,"EP Commodities, a.s.",,2,https://www.jobs.cz/rpd/2001456987,2026-10-02T11:09:39+02:00,2026-10-02T11:09:39+02:00,2026-10-02T11:09:39+02:00,Praha – Nové Město,Analyst,Data/BI Analyst,,ANALYTICS_INSIGHTS,50,Advertisement requirements not yet verified; Entry-level accessibility unconfirmed; Publication date unknown; first observation is only a lower bound on age,RELEVANT
JB_0725,⭕ Finanční controller s přesahem do datové analytiky - Praha,"ProfesKontakt, s.r.o.",,5,https://www.jobs.cz/rpd/2001446560,2026-09-29T10:58:21+02:00,2026-09-29T10:58:21+02:00,2026-09-29T10:58:21+02:00,Hlavní město Praha,Controller,Financial Controller,,OTHER,0,Advertisement requirements not yet verified; Entry-level accessibility unconfirmed; Czech-language title: workplace language needs verification; Publication date unknown; first observation is only a lower bound on age,VERIFY
JB_0196,DATA STEWARD (Configuration & Asset Management),BENTELER Business Services CZ,,2,https://www.jobs.cz/rpd/2001446835,2026-09-26T10:12:03+02:00,2026-09-26T10:12:03+02:00,2026-09-26T10:12:03+02:00,Praha – Karlín,Specialist,Data Governance/Quality Specialist,,ANALYTICS_INSIGHTS,50,Advertisement requirements not yet verified; Entry-level accessibility unconfirmed; Publication date unknown; first observation is only a lower bound on age,RELEVANT
JB_8640,Pricing Analytik,"Würth, spol. s.r.o.",,5,https://www.jobs.cz/rpd/2001455329,2026-09-30T11:12:04+02:00,2026-09-30T11:12:04+02:00,2026-09-30T11:12:04+02:00,Nepřevázka,Analyst,Commercial/Pricing Analyst,,ANALYTICS_INSIGHTS,37,Advertisement requirements not yet verified; Entry-level accessibility unconfirmed; Czech-language title: workplace language needs verification; Prague eligibility unresolved; Publication date unknown; first observation is only a lower bound on age,VERIFY
BLT_5083,SW Tool Developer - Python,Valeo US,Entry level,2,https://builtin.com/job/sw-tool-developer-python/11421706,2026-09-30T11:07:03+02:00,2026-09-30T11:07:03+02:00,2026-09-30T11:07:03+02:00,"Prague, CZE",Developer,General Software Developer,,SOFTWARE_BACKEND_FULLSTACK,39,Advertisement requirements not yet verified; Publication date unknown; first observation is only a lower bound on age,RELEVANT
JB_4245,Junior AI vývojář / Developer,Clientelo Czech s.r.o.,Junior/Entry-level,5,https://www.jobs.cz/rpd/2001457789,2026-10-02T11:44:38+02:00,2026-10-02T11:44:38+02:00,2026-10-02T11:44:38+02:00,Praha – Braník,Developer,General Software Developer,,SOFTWARE_BACKEND_FULLSTACK,30,Advertisement requirements not yet verified; Czech-language title: workplace language needs verification; Publication date unknown; first observation is only a lower bound on age,VERIFY
JB_3474,Junior Java Developer,"WOOD & Company Financial Services, a.s.",Junior/Entry-level,5,https://www.jobs.cz/rpd/2001455461,2026-09-30T11:32:17+02:00,2026-09-30T11:32:17+02:00,2026-09-30T11:32:17+02:00,Praha – Nové Město,Developer,General Software Developer,,SOFTWARE_BACKEND_FULLSTACK,38,Advertisement requirements not yet verified; Publication date unknown; first observation is only a lower bound on age,VERIFY
BLT_2165,Data Engineer,Matrix Global Services,Junior,2,https://builtin.com/job/data-engineer/11409760,2026-09-29T10:52:30+02:00,2026-09-29T10:52:30+02:00,2026-09-29T10:52:30+02:00,27 Locations,Engineer,Data Engineer,,DATA_ENGINEERING_DWH,37,Advertisement requirements not yet verified; Prague eligibility unresolved; Publication date unknown; first observation is only a lower bound on age,RELEVANT
JB_7758,IT Business Analytik*čka – úvěrové produkty,Raiffeisenbank a.s.,,5,https://www.jobs.cz/rpd/2001460426,2026-10-03T09:51:13+02:00,2026-10-03T09:51:13+02:00,2026-10-03T09:51:13+02:00,Praha – Nusle,Analyst,IT/Systems Analyst,,ADJACENT_TECHNICAL,0,Advertisement requirements not yet verified; Entry-level accessibility unconfirmed; Czech-language title: workplace language needs verification; Publication date unknown; first observation is only a lower bound on age,VERIFY
JB_5944,Expert/ka datových analýz,Skupina ČEZ,,5,https://www.jobs.cz/rpd/2001442544,2026-09-23T20:07:01+02:00,2026-09-23T20:07:01+02:00,2026-09-23T20:07:01+02:00,Praha – Michle,Specialist,Data/Analytics Specialist,,ANALYTICS_INSIGHTS,42,Advertisement requirements not yet verified; Entry-level accessibility unconfirmed; Czech-language title: workplace language needs verification; Publication date unknown; first observation is only a lower bound on age,VERIFY
JB_8483,Data Analyst / Risk Management Consultant,Quantitative Consulting s.r.o.,,5,https://www.jobs.cz/rpd/2001417774,2026-09-11T15:56:36+02:00,2026-09-11T15:56:36+02:00,2026-09-11T15:56:36+02:00,Praha – Nové Město,Analyst,Data/BI Analyst,,ANALYTICS_INSIGHTS,50,Advertisement requirements not yet verified; Entry-level accessibility unconfirmed; Publication date unknown; first observation is only a lower bound on age; No recent observation or confirmed open detail extraction,VERIFY
