ID,Input_URL,Role_Family,Shortlisting_Fit,Capability_Fit,Suggested_Decision,Blocking_Reasons,Verification_Needed,Scoring_Reasons,Scoring_Version,Shortlisting_Disadvantages
5317060,https://builtin.com/job/data-scientist/3961686,DATA_SCIENCE_MODELLING,62,56,REJECT,Advertisement exceeds the age limit,Vacancy evidence needs refresh | Full advertisement evidence | English-only compatibility,Data Science & Modelling | Graduate/junior opening,2026-10-04-v3.0,
10592266,https://builtin.com/job/data-engineer-marketing-systems/10592266,DATA_ENGINEERING_DWH,7,44,REJECT,Advertisement exceeds the age limit | Cannot work from Prague,Vacancy availability | Vacancy evidence needs refresh | Full advertisement evidence | English-only compatibility,Data Engineering & Automation | Professional seniority disadvantage | Secondary technical career route,2026-10-04-v3.0,Professional seniority disadvantage | Secondary technical career route
BLT_5330,https://builtin.com/job/junior-data-analyst/10978603,ANALYTICS_INSIGHTS,60,83,HOLD,,Advertisement currentness | Vacancy evidence needs refresh | Full advertisement evidence | English-only compatibility,"Analytics, Research & Insights | Graduate/junior opening | Requires 1 professional years",2026-10-04-v3.0,Requires 1 professional years
BLT_0502,https://builtin.com/job/quantitative-research-analyst/8941799,ANALYTICS_INSIGHTS,80,71,REJECT,Advertisement exceeds the age limit | Cannot work from Prague,Vacancy availability | Vacancy evidence needs refresh | Full advertisement evidence | English-only compatibility,"Analytics, Research & Insights | Graduate/junior opening",2026-10-04-v3.0,
BLT_4479,https://builtin.com/job/product-analyst/8979355,ANALYTICS_INSIGHTS,60,71,REJECT,Advertisement exceeds the age limit,Vacancy availability | Vacancy evidence needs refresh | Full advertisement evidence | English-only compatibility,"Analytics, Research & Insights | Graduate/junior opening | Requires 2 professional years",2026-10-04-v3.0,Requires 2 professional years
SJ_107713,https://www.startupjobs.cz/nabidka/107713/medior-full-stack-developer-typescript-postgresql-and-ai,SOFTWARE_BACKEND_FULLSTACK,0,24,REJECT,Mandatory Czech | English alone insufficient,Advertisement currentness | Vacancy evidence needs refresh | Full advertisement evidence,Software Development | Professional seniority disadvantage | Mandatory stack gap: TypeScript | Secondary technical career route,2026-10-04-v3.0,Professional seniority disadvantage | Mandatory stack gap: TypeScript | Secondary technical career route
SJ_96471,https://www.startupjobs.cz/nabidka/96471/generative-ai-developer-velke-ai-vyzvy-viditelny-prinos,SOFTWARE_BACKEND_FULLSTACK,0,12,REJECT,Vacancy closed | Mandatory Czech | English alone insufficient | Advertised senior-level role,Vacancy evidence needs refresh | Full advertisement evidence,Software Development | Senior or conflicting seniority requirement | Mandatory stack gap: Azure | Secondary technical career route,2026-10-04-v3.0,Senior or conflicting seniority requirement | Mandatory stack gap: Azure | Secondary technical career route
SJ_107679,https://www.startupjobs.cz/nabidka/107679/technical-product-builder-analytic-ai-engineer-full-cycle,DATA_SCIENCE_MODELLING,0,0,REJECT,Advertised senior-level role,Advertisement currentness | Vacancy evidence needs refresh | Full advertisement evidence,Data Science & Modelling | English-only workplace confirmed | Senior or conflicting seniority requirement | Mandatory stack gap: React,2026-10-04-v3.0,Senior or conflicting seniority requirement | Mandatory stack gap: React
SJ_107109,https://www.startupjobs.cz/nabidka/107109/junior-mid-level-scala-developer,SOFTWARE_BACKEND_FULLSTACK,0,12,REJECT,Vacancy closed,Vacancy evidence needs refresh | Full advertisement evidence | English-only compatibility,Software Development | Professional seniority disadvantage | Mandatory stack gap: Scala | Secondary technical career route,2026-10-04-v3.0,Professional seniority disadvantage | Mandatory stack gap: Scala | Secondary technical career route
SJ_107905,https://www.startupjobs.cz/nabidka/107905/data-analyst-microsoft-fabric-moznost-remote-spoluprace,ANALYTICS_INSIGHTS,0,27,REJECT,Advertised senior-level role,Advertisement currentness | Vacancy evidence needs refresh | Full advertisement evidence | Contradictory requirement evidence | English-only compatibility,"Analytics, Research & Insights | Senior or conflicting seniority requirement | Mandatory stack gap: dbt",2026-10-04-v3.0,Senior or conflicting seniority requirement | Mandatory stack gap: dbt
JST_2175,https://www.jobstack.it/it-job/ruby-on-rails-developer/660e4aad9010c,SOFTWARE_BACKEND_FULLSTACK,3,32,HOLD,,Advertisement currentness | Vacancy evidence needs refresh | Full advertisement evidence | English-only compatibility,Software Development | Professional seniority disadvantage | Secondary technical career route,2026-10-04-v3.0,Professional seniority disadvantage | Secondary technical career route
JST_6087,https://www.jobstack.it/it-job/specialista-seo/68e5f3a4b5437,OTHER,0,32,REJECT,Requires 3 professional years; graduate profile has no equivalent commercial experience | Outside target role families,Advertisement currentness | Vacancy evidence needs refresh | Full advertisement evidence | English-only compatibility,Other | Professional seniority disadvantage | Requires 3 professional years,2026-10-04-v3.0,Professional seniority disadvantage | Requires 3 professional years
JST_9525,https://www.jobstack.it/it-job/analytik/65df3760a8da9,ADJACENT_TECHNICAL,0,32,HOLD,,Advertisement currentness | Vacancy evidence needs refresh | Full advertisement evidence | Contradictory requirement evidence | English-only compatibility,Adjacent Technical | Professional seniority disadvantage | Requires 1 professional years,2026-10-04-v3.0,Professional seniority disadvantage | Requires 1 professional years
JST_8194,https://www.jobstack.it/it-job/python-developer/627a82ae181c1,OTHER,0,12,REJECT,Outside target role families,Advertisement currentness | Vacancy evidence needs refresh | Full advertisement evidence | English-only compatibility,Other | Professional seniority disadvantage | Requires 1 professional years | Mandatory stack gap: Ruby,2026-10-04-v3.0,Professional seniority disadvantage | Requires 1 professional years | Mandatory stack gap: Ruby
JST_0296,https://www.jobstack.it/it-job/ruby-on-rails-developer/607d6c3fe3cd0,SOFTWARE_BACKEND_FULLSTACK,18,44,HOLD,,Advertisement currentness | Vacancy evidence needs refresh | Full advertisement evidence | English-only compatibility,Software Development | Graduate/junior opening | Requires 1 professional years | Secondary technical career route,2026-10-04-v3.0,Requires 1 professional years | Secondary technical career route
JB_8586,https://www.jobs.cz/rpd/2001412985,OTHER,0,20,REJECT,Vacancy closed | Outside target role families,Vacancy evidence needs refresh | Full advertisement evidence | English-only compatibility | Prague/work-mode eligibility,Other | Professional seniority disadvantage,2026-10-04-v3.0,Professional seniority disadvantage
JB_1450,https://www.jobs.cz/rpd/2001405587,SOFTWARE_BACKEND_FULLSTACK,38,56,HOLD,,Advertisement currentness | Vacancy evidence needs refresh | Full advertisement evidence | English-only compatibility | Prague/work-mode eligibility,Software Development | Graduate/junior opening | Secondary technical career route,2026-10-04-v3.0,Secondary technical career route
JB_5724,https://www.jobs.cz/rpd/2001421579,DATA_SCIENCE_MODELLING,27,68,HOLD,,Advertisement currentness | Vacancy evidence needs refresh | Full advertisement evidence | English-only compatibility,Data Science & Modelling | Professional seniority disadvantage,2026-10-04-v3.0,Professional seniority disadvantage
JB_3127,https://www.jobs.cz/rpd/2001394085,DATA_SCIENCE_MODELLING,42,80,HOLD,,Advertisement currentness | Vacancy evidence needs refresh | Full advertisement evidence | English-only compatibility | Prague/work-mode eligibility | Entry-level accessibility,Data Science & Modelling,2026-10-04-v3.0,
JB_7439,https://www.jobs.cz/rpd/2001387978,DATA_SCIENCE_MODELLING,42,20,HOLD,,Vacancy availability | Advertisement currentness | Vacancy evidence needs refresh | Full advertisement evidence | English-only compatibility | Prague/work-mode eligibility | Entry-level accessibility,Data Science & Modelling,2026-10-04-v3.0,
JST_5801,https://www.jobstack.it/it-job/ruby-on-rails-developer/607d7030231e2,SOFTWARE_BACKEND_FULLSTACK,0,12,HOLD,,Advertisement currentness | Vacancy evidence needs refresh | Full advertisement evidence | English-only compatibility,Software Development | Professional seniority disadvantage | Mandatory stack gap: Ruby | Secondary technical career route,2026-10-04-v3.0,Professional seniority disadvantage | Mandatory stack gap: Ruby | Secondary technical career route
BLT_0726,https://builtin.com/job/software-engineer-containers/11203487,SOFTWARE_BACKEND_FULLSTACK,38,32,REJECT,Cannot work from Prague,Advertisement currentness | Vacancy evidence needs refresh | Full advertisement evidence | English-only compatibility,Software Development | Graduate/junior opening | Secondary technical career route,2026-10-04-v3.0,Secondary technical career route
SJ_107907,https://www.startupjobs.cz/nabidka/107907/cdp-and-crm-automation-specialist-prague-czechia-hybrid-full-time,OTHER,0,20,REJECT,Outside target role families,Advertisement currentness | Vacancy evidence needs refresh | Full advertisement evidence,Other | English-only workplace confirmed | Senior or conflicting seniority requirement,2026-10-04-v3.0,Senior or conflicting seniority requirement
JST_4663,https://www.jobstack.it/it-job/ruby-on-rails-developer/65fab87b0579d,SOFTWARE_BACKEND_FULLSTACK,0,32,HOLD,,Advertisement currentness | Vacancy evidence needs refresh | Full advertisement evidence | Contradictory requirement evidence | English-only compatibility,Software Development | Professional seniority disadvantage | Requires 1 professional years | Secondary technical career route,2026-10-04-v3.0,Professional seniority disadvantage | Requires 1 professional years | Secondary technical career route
BLT_2379,https://builtin.com/job/junior-software-engineer/9112895,SOFTWARE_BACKEND_FULLSTACK,0,12,REJECT,Advertisement exceeds the age limit | Cannot work from Prague,Vacancy availability | Vacancy evidence needs refresh | Full advertisement evidence | Contradictory requirement evidence | English-only compatibility,Software Development | Graduate/junior opening | Requires 1 professional years | Mandatory stack gap: AWS | Azure | GCP | Secondary technical career route,2026-10-04-v3.0,Requires 1 professional years | Mandatory stack gap: AWS | Azure | GCP | Secondary technical career route
JST_9151,https://www.jobstack.it/it-job/python-developer/615b13673423d,SOFTWARE_BACKEND_FULLSTACK,0,44,HOLD,,Advertisement currentness | Vacancy evidence needs refresh | Full advertisement evidence | English-only compatibility,Software Development | Senior or conflicting seniority requirement | Requires 1 professional years | Secondary technical career route,2026-10-04-v3.0,Senior or conflicting seniority requirement | Requires 1 professional years | Secondary technical career route
BLT_2344,https://builtin.com/job/full-stack-software-engineer/10949761,SOFTWARE_BACKEND_FULLSTACK,18,24,HOLD,,Advertisement currentness | Vacancy evidence needs refresh | Full advertisement evidence | English-only compatibility,Software Development | Graduate/junior opening | Mandatory stack gap: React | TypeScript | Secondary technical career route,2026-10-04-v3.0,Mandatory stack gap: React | TypeScript | Secondary technical career route
JST_7785,https://www.jobstack.it/it-job/python-developer/6995cc3154590,DATA_ENGINEERING_DWH,0,32,HOLD,,Advertisement currentness | Vacancy evidence needs refresh | Full advertisement evidence | Contradictory requirement evidence | English-only compatibility,Data Engineering & Automation | Professional seniority disadvantage | Requires 2 professional years | Secondary technical career route,2026-10-04-v3.0,Professional seniority disadvantage | Requires 2 professional years | Secondary technical career route
JB_8953,https://www.jobs.cz/rpd/2001381192,ANALYTICS_INSIGHTS,60,59,HOLD,,Advertisement currentness | Vacancy evidence needs refresh | Full advertisement evidence | English-only compatibility | Prague/work-mode eligibility | Entry-level accessibility,"Analytics, Research & Insights",2026-10-04-v3.0,
BLT_9803,https://builtin.com/job/backend-engineer-nestjs-go/11070380,SOFTWARE_BACKEND_FULLSTACK,38,44,HOLD,,Advertisement currentness | Vacancy evidence needs refresh | Full advertisement evidence | English-only compatibility,Software Development | Graduate/junior opening | Secondary technical career route,2026-10-04-v3.0,Secondary technical career route
JB_3384,https://www.jobs.cz/rpd/2001295360,OTHER,0,44,REJECT,Outside target role families,Advertisement currentness | Vacancy evidence needs refresh | Full advertisement evidence | Contradictory requirement evidence | English-only compatibility | Prague/work-mode eligibility | Entry-level accessibility,Other,2026-10-04-v3.0,
JB_0625,https://www.jobs.cz/rpd/2001412247,BUSINESS_PROCESS,37,47,HOLD,,Advertisement currentness | Vacancy evidence needs refresh | Full advertisement evidence | English-only compatibility | Prague/work-mode eligibility,"Business, Operations & Process Analysis | Professional seniority disadvantage",2026-10-04-v3.0,Professional seniority disadvantage
JB_1634,https://www.jobs.cz/rpd/2001137983,OTHER,20,32,REJECT,Outside target role families,Advertisement currentness | Vacancy evidence needs refresh | Full advertisement evidence | English-only compatibility | Prague/work-mode eligibility,Other | Graduate/junior opening,2026-10-04-v3.0,
JB_4143,https://www.jobs.cz/rpd/2001335519,OTHER,0,20,REJECT,Outside target role families,Advertisement currentness | Vacancy evidence needs refresh | Full advertisement evidence | English-only compatibility | Prague/work-mode eligibility | Entry-level accessibility,Other,2026-10-04-v3.0,
JB_4276,https://www.jobs.cz/rpd/2001108862,DATA_SCIENCE_MODELLING,7,80,REJECT,Requires 20 professional years; graduate profile has no equivalent commercial experience,Advertisement currentness | Vacancy evidence needs refresh | Full advertisement evidence | English-only compatibility | Prague/work-mode eligibility | Entry-level accessibility,Data Science & Modelling | Requires 20 professional years,2026-10-04-v3.0,Requires 20 professional years
JB_5806,https://www.jobs.cz/rpd/2001295427,DATA_ENGINEERING_DWH,0,44,HOLD,,Advertisement currentness | Vacancy evidence needs refresh | Full advertisement evidence | English-only compatibility | Prague/work-mode eligibility,Data Engineering & Automation | Senior or conflicting seniority requirement | Secondary technical career route,2026-10-04-v3.0,Senior or conflicting seniority requirement | Secondary technical career route
JB_5411,https://www.jobs.cz/rpd/2001383520,SOFTWARE_BACKEND_FULLSTACK,38,20,REJECT,Vacancy closed,Vacancy evidence needs refresh | Full advertisement evidence | English-only compatibility | Prague/work-mode eligibility,Software Development | Graduate/junior opening | Secondary technical career route,2026-10-04-v3.0,Secondary technical career route
JB_4768,https://www.jobs.cz/rpd/2001419249,BUSINESS_PROCESS,52,35,HOLD,,Advertisement currentness | Vacancy evidence needs refresh | Full advertisement evidence | English-only compatibility | Prague/work-mode eligibility,"Business, Operations & Process Analysis | Graduate/junior opening | Requires 1 professional years",2026-10-04-v3.0,Requires 1 professional years
JB_7281,https://www.jobs.cz/rpd/2000419605,SOFTWARE_BACKEND_FULLSTACK,38,20,HOLD,,Vacancy availability | Advertisement currentness | Vacancy evidence needs refresh | Full advertisement evidence | English-only compatibility | Prague/work-mode eligibility,Software Development | Graduate/junior opening | Secondary technical career route,2026-10-04-v3.0,Secondary technical career route
JB_1938,https://www.jobs.cz/rpd/2001371357,OTHER,20,32,REJECT,Outside target role families,Advertisement currentness | Vacancy evidence needs refresh | Full advertisement evidence | English-only compatibility | Prague/work-mode eligibility,Other | Graduate/junior opening,2026-10-04-v3.0,
JB_6664,https://www.jobs.cz/rpd/2001410112,OTHER,20,20,REJECT,Outside target role families,Advertisement currentness | Vacancy evidence needs refresh | Full advertisement evidence | English-only compatibility | Prague/work-mode eligibility,Other | Graduate/junior opening,2026-10-04-v3.0,
JB_1339,https://www.jobs.cz/rpd/2001371464,OTHER,0,32,REJECT,Mandatory language: German | Outside target role families,Vacancy availability | Advertisement currentness | Vacancy evidence needs refresh | Full advertisement evidence | English-only compatibility | Prague/work-mode eligibility | Entry-level accessibility,Other | Requires 2 professional years,2026-10-04-v3.0,Requires 2 professional years
JB_9043,https://www.jobs.cz/rpd/2001398712,DATA_ENGINEERING_DWH,0,36,HOLD,,Vacancy availability | Advertisement currentness | Vacancy evidence needs refresh | Full advertisement evidence | English-only compatibility | Prague/work-mode eligibility | Entry-level accessibility,Data Engineering & Automation | Requires 1 professional years | Mandatory stack gap: Spark | Databricks | AWS | Azure | GCP | Secondary technical career route,2026-10-04-v3.0,Requires 1 professional years | Mandatory stack gap: Spark | Databricks | AWS | Azure | GCP | Secondary technical career route
JB_1649,https://www.jobs.cz/rpd/2001282734,OTHER,0,20,REJECT,Outside target role families,Vacancy availability | Advertisement currentness | Vacancy evidence needs refresh | Full advertisement evidence | English-only compatibility | Prague/work-mode eligibility | Entry-level accessibility,Other,2026-10-04-v3.0,
JB_0855,https://www.jobs.cz/rpd/2001065951,ADJACENT_TECHNICAL,15,68,HOLD,,Advertisement currentness | Vacancy evidence needs refresh | Full advertisement evidence | English-only compatibility | Prague/work-mode eligibility | Entry-level accessibility,Adjacent Technical,2026-10-04-v3.0,
JB_0454,https://www.jobs.cz/rpd/2001286494,DATA_SCIENCE_MODELLING,42,20,HOLD,,Vacancy availability | Advertisement currentness | Vacancy evidence needs refresh | Full advertisement evidence | English-only compatibility | Prague/work-mode eligibility | Entry-level accessibility,Data Science & Modelling,2026-10-04-v3.0,
JB_2598,https://www.jobs.cz/rpd/2001383249,OTHER,0,68,REJECT,Outside target role families,Vacancy availability | Advertisement currentness | Vacancy evidence needs refresh | Full advertisement evidence | English-only compatibility | Prague/work-mode eligibility | Entry-level accessibility,Other,2026-10-04-v3.0,
JB_5911,https://www.jobs.cz/rpd/2001383280,OTHER,0,68,REJECT,Outside target role families,Vacancy availability | Advertisement currentness | Vacancy evidence needs refresh | Full advertisement evidence | English-only compatibility | Prague/work-mode eligibility | Entry-level accessibility,Other,2026-10-04-v3.0,
JB_7965,https://www.jobs.cz/rpd/2001398714,DATA_ENGINEERING_DWH,2,48,HOLD,,Vacancy availability | Advertisement currentness | Vacancy evidence needs refresh | Full advertisement evidence | English-only compatibility | Prague/work-mode eligibility | Entry-level accessibility,Data Engineering & Automation | Mandatory stack gap: Airflow | Secondary technical career route,2026-10-04-v3.0,Mandatory stack gap: Airflow | Secondary technical career route
JB_7416,https://www.jobs.cz/rpd/2001134330,OTHER,20,20,REJECT,Outside target role families,Vacancy availability | Advertisement currentness | Vacancy evidence needs refresh | Full advertisement evidence | English-only compatibility | Prague/work-mode eligibility,Other | Graduate/junior opening,2026-10-04-v3.0,
JB_3184,https://www.jobs.cz/rpd/2001415025,OTHER,20,44,REJECT,Outside target role families,Vacancy availability | Advertisement currentness | Vacancy evidence needs refresh | Full advertisement evidence | English-only compatibility | Prague/work-mode eligibility,Other | Graduate/junior opening,2026-10-04-v3.0,
JB_3187,https://www.jobs.cz/rpd/2001384423,OTHER,20,44,REJECT,Outside target role families,Advertisement currentness | Vacancy evidence needs refresh | Full advertisement evidence | English-only compatibility | Prague/work-mode eligibility,Other | Graduate/junior opening,2026-10-04-v3.0,
JB_6907,https://www.jobs.cz/rpd/2001277555,OTHER,20,20,REJECT,Outside target role families,Advertisement currentness | Vacancy evidence needs refresh | Full advertisement evidence | English-only compatibility | Prague/work-mode eligibility,Other | Graduate/junior opening,2026-10-04-v3.0,
JB_8187,https://www.jobs.cz/rpd/2001330540,OTHER,0,20,REJECT,Outside target role families,Advertisement currentness | Vacancy evidence needs refresh | Full advertisement evidence | English-only compatibility | Prague/work-mode eligibility | Entry-level accessibility,Other,2026-10-04-v3.0,
JB_4229,https://www.jobs.cz/rpd/2001402871,SOFTWARE_BACKEND_FULLSTACK,18,20,HOLD,,Vacancy availability | Advertisement currentness | Vacancy evidence needs refresh | Full advertisement evidence | English-only compatibility | Prague/work-mode eligibility | Entry-level accessibility,Software Development | Secondary technical career route,2026-10-04-v3.0,Secondary technical career route
JB_8816,https://www.jobs.cz/rpd/2001426672,ANALYTICS_INSIGHTS,40,95,HOLD,,Vacancy availability | Advertisement currentness | Vacancy evidence needs refresh | Full advertisement evidence | English-only compatibility | Prague/work-mode eligibility | Entry-level accessibility,"Analytics, Research & Insights | Requires 2 professional years",2026-10-04-v3.0,Requires 2 professional years
JB_7743,https://www.jobs.cz/rpd/2001419354,ANALYTICS_INSIGHTS,20,47,REJECT,Advertised senior-level role,Vacancy availability | Advertisement currentness | Vacancy evidence needs refresh | Full advertisement evidence | English-only compatibility | Prague/work-mode eligibility,"Analytics, Research & Insights | Senior or conflicting seniority requirement",2026-10-04-v3.0,Senior or conflicting seniority requirement
JB_1879,https://www.jobs.cz/rpd/2001411697,SOFTWARE_BACKEND_FULLSTACK,18,20,HOLD,,Vacancy availability | Advertisement currentness | Vacancy evidence needs refresh | Full advertisement evidence | English-only compatibility | Prague/work-mode eligibility | Entry-level accessibility,Software Development | Secondary technical career route,2026-10-04-v3.0,Secondary technical career route
JB_2938,https://www.jobs.cz/rpd/2001433684,OTHER,0,32,REJECT,Outside target role families,Vacancy availability | Advertisement currentness | Vacancy evidence needs refresh | Full advertisement evidence | English-only compatibility | Prague/work-mode eligibility | Entry-level accessibility,Other,2026-10-04-v3.0,
JB_2409,https://www.jobs.cz/rpd/2001374002,OTHER,0,56,REJECT,Outside target role families,Advertisement currentness | Vacancy evidence needs refresh | Full advertisement evidence | English-only compatibility | Prague/work-mode eligibility | Entry-level accessibility,Other,2026-10-04-v3.0,
JB_8701,https://www.jobs.cz/rpd/2001426678,ANALYTICS_INSIGHTS,60,35,HOLD,,Vacancy availability | Advertisement currentness | Vacancy evidence needs refresh | Full advertisement evidence | English-only compatibility | Prague/work-mode eligibility | Entry-level accessibility,"Analytics, Research & Insights",2026-10-04-v3.0,
JB_8174,https://www.jobs.cz/rpd/2001338427,OTHER,0,32,REJECT,Outside target role families,Advertisement currentness | Vacancy evidence needs refresh | Full advertisement evidence | English-only compatibility | Entry-level accessibility,Other | Requires 2 professional years,2026-10-04-v3.0,Requires 2 professional years
JB_1010,https://www.jobs.cz/rpd/2001433080,DATA_SCIENCE_MODELLING,42,56,HOLD,,Advertisement currentness | Vacancy evidence needs refresh | Full advertisement evidence | English-only compatibility | Prague/work-mode eligibility | Entry-level accessibility,Data Science & Modelling,2026-10-04-v3.0,
JB_5753,https://www.jobs.cz/rpd/2001426702,ANALYTICS_INSIGHTS,40,47,HOLD,,Vacancy availability | Advertisement currentness | Vacancy evidence needs refresh | Full advertisement evidence | English-only compatibility | Prague/work-mode eligibility | Entry-level accessibility,"Analytics, Research & Insights | Requires 2 professional years",2026-10-04-v3.0,Requires 2 professional years
JST_2895,https://www.jobstack.it/it-job/integration-developer/6ab0e4edcc628,DATA_ENGINEERING_DWH,0,44,REJECT,Requires 3 professional years; graduate profile has no equivalent commercial experience,Vacancy evidence needs refresh | Full advertisement evidence | Contradictory requirement evidence | English-only compatibility,Data Engineering & Automation | Senior or conflicting seniority requirement | Requires 3 professional years | Secondary technical career route,2026-10-04-v3.0,Senior or conflicting seniority requirement | Requires 3 professional years | Secondary technical career route
SJ_107927,https://www.startupjobs.cz/nabidka/107927/junior-mid-level-scala-developer,SOFTWARE_BACKEND_FULLSTACK,3,20,REJECT,Mandatory degree mismatch,Vacancy evidence needs refresh | Full advertisement evidence | Contradictory requirement evidence | English-only compatibility,Software Development | Professional seniority disadvantage | Secondary technical career route,2026-10-04-v3.0,Professional seniority disadvantage | Secondary technical career route
BLT_3349,https://builtin.com/job/stibo-step-business-analyst/11102293,BUSINESS_PROCESS,72,35,REJECT,Mandatory Czech | English alone insufficient | Cannot work from Prague,Advertisement currentness | Vacancy evidence needs refresh | Full advertisement evidence,"Business, Operations & Process Analysis | Graduate/junior opening",2026-10-04-v3.0,
SJ_386519,https://www.startupjobs.cz/nabidka/107907/cdp-and-crm-automation-specialist-on-site-or-hybrid,OTHER,0,20,REJECT,Outside target role families,Vacancy evidence needs refresh | Full advertisement evidence,Other | English-only workplace confirmed | Senior or conflicting seniority requirement,2026-10-04-v3.0,Senior or conflicting seniority requirement
SJ_108003,https://www.startupjobs.cz/nabidka/108003/business-intelligence-analyst-junior,OTHER,0,32,REJECT,Outside target role families,Vacancy evidence needs refresh | Full advertisement evidence | Contradictory requirement evidence | English-only compatibility,Other | Graduate/junior opening | Requires 1 professional years,2026-10-04-v3.0,Requires 1 professional years
JB_2012,https://www.jobs.cz/rpd/2001394246,ANALYTICS_INSIGHTS,60,35,HOLD,,Vacancy availability | Advertisement currentness | Vacancy evidence needs refresh | Full advertisement evidence | English-only compatibility | Prague/work-mode eligibility | Entry-level accessibility,"Analytics, Research & Insights",2026-10-04-v3.0,
SJ_107779,https://www.startupjobs.cz/nabidka/107779/django-python-developer-ka,SOFTWARE_BACKEND_FULLSTACK,0,44,REJECT,Advertised senior-level role,Advertisement currentness | Vacancy evidence needs refresh | Full advertisement evidence | Contradictory requirement evidence | English-only compatibility,Software Development | Senior or conflicting seniority requirement | Secondary technical career route,2026-10-04-v3.0,Senior or conflicting seniority requirement | Secondary technical career route
JB_3752,https://www.jobs.cz/rpd/2001193496,ANALYTICS_INSIGHTS,60,71,REJECT,Mandatory Czech | English alone insufficient | Mandatory language: Slovak,Advertisement currentness | Vacancy evidence needs refresh | Full advertisement evidence | Prague/work-mode eligibility,"Analytics, Research & Insights | Graduate/junior opening | Requires 2 professional years",2026-10-04-v3.0,Requires 2 professional years
JB_9027,https://www.jobs.cz/rpd/2001298967,ANALYTICS_INSIGHTS,60,59,HOLD,,Advertisement currentness | Vacancy evidence needs refresh | Full advertisement evidence | English-only compatibility | Prague/work-mode eligibility | Entry-level accessibility,"Analytics, Research & Insights",2026-10-04-v3.0,
JB_7828,https://www.jobs.cz/rpd/2001397904,ANALYTICS_INSIGHTS,60,35,HOLD,,Vacancy availability | Advertisement currentness | Vacancy evidence needs refresh | Full advertisement evidence | English-only compatibility | Prague/work-mode eligibility | Entry-level accessibility,"Analytics, Research & Insights",2026-10-04-v3.0,
JB_6631,https://www.jobs.cz/rpd/2001367610,SOFTWARE_BACKEND_FULLSTACK,18,32,HOLD,,Vacancy availability | Vacancy evidence needs refresh | Full advertisement evidence | English-only compatibility | Prague/work-mode eligibility | Entry-level accessibility,Software Development | Secondary technical career route,2026-10-04-v3.0,Secondary technical career route
JB_8030,https://www.jobs.cz/rpd/2001272827,DATA_ENGINEERING_DWH,7,56,HOLD,,Vacancy evidence needs refresh | Full advertisement evidence | English-only compatibility,Data Engineering & Automation | Professional seniority disadvantage | Secondary technical career route,2026-10-04-v3.0,Professional seniority disadvantage | Secondary technical career route
JB_3410,https://www.jobs.cz/rpd/2001438728,DATA_SCIENCE_MODELLING,42,20,HOLD,,Vacancy availability | Vacancy evidence needs refresh | Full advertisement evidence | English-only compatibility | Prague/work-mode eligibility | Entry-level accessibility,Data Science & Modelling,2026-10-04-v3.0,
JB_9221,https://www.jobs.cz/rpd/2001438847,ANALYTICS_INSIGHTS,60,35,HOLD,,Vacancy availability | Vacancy evidence needs refresh | Full advertisement evidence | English-only compatibility | Prague/work-mode eligibility | Entry-level accessibility,"Analytics, Research & Insights",2026-10-04-v3.0,
JB_8296,https://www.jobs.cz/rpd/2001358369,OTHER,20,56,REJECT,Outside target role families,Vacancy evidence needs refresh | Full advertisement evidence | English-only compatibility | Prague/work-mode eligibility,Other | Graduate/junior opening,2026-10-04-v3.0,
JB_7243,https://www.jobs.cz/rpd/2001364173,OTHER,20,32,REJECT,Outside target role families,Vacancy evidence needs refresh | Full advertisement evidence | Contradictory requirement evidence | English-only compatibility | Prague/work-mode eligibility,Other | Graduate/junior opening,2026-10-04-v3.0,
JB_9917,https://www.jobs.cz/rpd/2001437959,DATA_ENGINEERING_DWH,0,44,REJECT,Requires 3 professional years; graduate profile has no equivalent commercial experience,Vacancy evidence needs refresh | Full advertisement evidence | English-only compatibility | Prague/work-mode eligibility | Entry-level accessibility,Data Engineering & Automation | Requires 3 professional years | Secondary technical career route,2026-10-04-v3.0,Requires 3 professional years | Secondary technical career route
JB_4947,https://www.jobs.cz/rpd/2001441195,ANALYTICS_INSIGHTS,60,59,HOLD,,Vacancy evidence needs refresh | Full advertisement evidence | English-only compatibility | Prague/work-mode eligibility | Entry-level accessibility,"Analytics, Research & Insights",2026-10-04-v3.0,
JB_8751,https://www.jobs.cz/rpd/2001440840,ANALYTICS_INSIGHTS,60,59,HOLD,,Vacancy evidence needs refresh | Full advertisement evidence | English-only compatibility | Prague/work-mode eligibility | Entry-level accessibility,"Analytics, Research & Insights",2026-10-04-v3.0,
JB_2233,https://www.jobs.cz/rpd/2001439136,ANALYTICS_INSIGHTS,60,35,HOLD,,Vacancy availability | Vacancy evidence needs refresh | Full advertisement evidence | English-only compatibility | Prague/work-mode eligibility | Entry-level accessibility,"Analytics, Research & Insights",2026-10-04-v3.0,
SJ_108049,https://www.startupjobs.cz/nabidka/108049/qa-tester-ai-and-automation-student-or-entry-level-job,ADJACENT_TECHNICAL,35,32,HOLD,,Vacancy evidence needs refresh | Full advertisement evidence | English-only compatibility,Adjacent Technical | Graduate/junior opening,2026-10-04-v3.0,
BLT_2781,https://builtin.com/job/data-analytics-engineer/11311665,DATA_ENGINEERING_DWH,7,68,REJECT,Cannot work from Prague | Requires 3 professional years; graduate profile has no equivalent commercial experience,Vacancy evidence needs refresh | Full advertisement evidence | English-only compatibility,Data Engineering & Automation | Graduate/junior opening | Requires 3 professional years | Secondary technical career route,2026-10-04-v3.0,Requires 3 professional years | Secondary technical career route
JB_9593,https://www.jobs.cz/rpd/2000932703,DATA_SCIENCE_MODELLING,42,20,HOLD,,Vacancy availability | Vacancy evidence needs refresh | Full advertisement evidence | English-only compatibility | Prague/work-mode eligibility | Entry-level accessibility,Data Science & Modelling,2026-10-04-v3.0,
JB_1181,https://www.jobs.cz/rpd/2001446123,OTHER,0,44,REJECT,Outside target role families,Vacancy evidence needs refresh | Full advertisement evidence | English-only compatibility | Prague/work-mode eligibility | Entry-level accessibility,Other,2026-10-04-v3.0,
JB_1733,https://www.jobs.cz/rpd/2001445086,DATA_ENGINEERING_DWH,22,20,HOLD,,Vacancy availability | Vacancy evidence needs refresh | Full advertisement evidence | English-only compatibility | Prague/work-mode eligibility | Entry-level accessibility,Data Engineering & Automation | Secondary technical career route,2026-10-04-v3.0,Secondary technical career route
JB_4607,https://www.jobs.cz/rpd/2001444921,DATA_ENGINEERING_DWH,22,44,HOLD,,Vacancy evidence needs refresh | Full advertisement evidence | English-only compatibility | Entry-level accessibility,Data Engineering & Automation | Secondary technical career route,2026-10-04-v3.0,Secondary technical career route
JB_9818,https://www.jobs.cz/rpd/2001433421,ANALYTICS_INSIGHTS,60,59,HOLD,,Vacancy evidence needs refresh | Full advertisement evidence | English-only compatibility | Prague/work-mode eligibility | Entry-level accessibility,"Analytics, Research & Insights",2026-10-04-v3.0,
JB_2403,https://www.jobs.cz/rpd/2001437917,SOFTWARE_BACKEND_FULLSTACK,18,44,HOLD,,Vacancy availability | Vacancy evidence needs refresh | Full advertisement evidence | English-only compatibility | Entry-level accessibility,Software Development | Secondary technical career route,2026-10-04-v3.0,Secondary technical career route
IND_2220,https://cz.indeed.com/viewjob?jk=f963525977ac850d,OTHER,0,20,REJECT,Outside target role families,Vacancy availability | Advertisement currentness | Full advertisement evidence | English-only compatibility | Prague/work-mode eligibility | Entry-level accessibility,Other,2026-10-04-v3.0,
IND_1256,https://cz.indeed.com/viewjob?jk=6bb3fb4ca04cc31d,ANALYTICS_INSIGHTS,80,35,HOLD,,Vacancy availability | Advertisement currentness | Full advertisement evidence | English-only compatibility | Prague/work-mode eligibility,"Analytics, Research & Insights | Graduate/junior opening",2026-10-04-v3.0,
IND_4043,https://cz.indeed.com/viewjob?jk=189e9fa523f7d793,OTHER,0,20,REJECT,Outside target role families,Vacancy availability | Advertisement currentness | Full advertisement evidence | English-only compatibility | Prague/work-mode eligibility | Entry-level accessibility,Other,2026-10-04-v3.0,
