ID,Job Title,Company,Location,Salary,Seniority,URL,Mining_Date
JST_0886,Office Manager,Orange controls s.r.o.,Praha - Hostivař,až 50 000 Kč / měsíc,"Junior, Medior",https://www.jobstack.it/it-job/it-hr-manager/6aa3ef0d1ef3c,2026-09-12T11:32:21+02:00
JST_2893,"AI Architekt - IČO, Praha",Principal engineering s.r.o.,Praha,až 200 000 Kč / měsíc,Senior,https://www.jobstack.it/it-job/architekt/6aa16b119c4fe,2026-09-12T11:32:21+02:00
JST_0977,IT Hardware & Support Specialist,Betsys s.r.o.,"Karolinská 654/2, Praha 8 - Karlín",Navrhni si mzdu,"Junior, Medior",https://www.jobstack.it/it-job/it-podpora/6a3cf7c524f64,2026-09-12T11:32:21+02:00
JST_4122,"Junior IT L2 Support- Praha, IČO",Principal engineering s.r.o.,Praha,až 70 000 Kč / měsíc,Junior,https://www.jobstack.it/it-job/it-podpora/6a2aba4d53c25,2026-09-12T11:32:21+02:00
JST_9686,Senior Java Developer - Dlouhodobá spolupráce a prostor rozhodovat,Apsaz Consulting a.s.,Praha 5 (HO 50%),až 190 000 Kč / měsíc,"Senior, Expert",https://www.jobstack.it/it-job/java-developer/6a69c3e4bec00,2026-09-12T11:32:21+02:00
JST_6911,"Solution Architekt - IČO, Praha, hybrid",Principal engineering s.r.o.,Praha,až 220 000 Kč / měsíc,"Senior, Expert",https://www.jobstack.it/it-job/enterprise-architekt/6a5495e657c33,2026-09-12T11:32:21+02:00
JST_3162,Business Development Manager,4MAX Retail s.r.o.,Praha 4,až 110 000 Kč / měsíc,"Junior, Medior, Senior",https://www.jobstack.it/it-job/sales-manager/6981ef4349361,2026-09-12T11:32:21+02:00
JST_8782,Enterprise Architect,radixal s.r.o.,hybrid Praha,až 120 000 Kč / měsíc,"Medior, Senior, Expert",https://www.jobstack.it/it-job/bpm-developer/6a8d8f83d5fb3,2026-09-12T11:32:21+02:00
JST_9980,"Architekt / Senior Infrastructure Engineer - Praha, IČO",Principal engineering s.r.o.,Praha,až 240 000 Kč / měsíc,"Senior, Expert",https://www.jobstack.it/it-job/architekt/6a86ba9346a36,2026-09-12T11:32:21+02:00
JST_1688,Sales Development Representative - otevírejte dveře k novým obchodům!,Apsaz Consulting a.s.,Praha 5 (hybridní režim),až 60 000 Kč / měsíc,"Junior, Medior",https://www.jobstack.it/it-job/sales-manager/6a0eaa97041aa,2026-09-12T11:32:21+02:00
JST_2581,SRE/DevOps Engineer - Enterprise Storage Platform,Principal engineering s.r.o.,Praha,Navrhni si mzdu,"Medior, Senior",https://www.jobstack.it/it-job/specialista-devops/6a8333db67f41,2026-09-12T11:32:21+02:00
JST_8020,"ICT Architekt/Analytik - part-time, IČO, Praha",Principal engineering s.r.o.,Praha,až 200 000 Kč / měsíc,,https://www.jobstack.it/it-job/architekt/6a6cae62b262a,2026-09-12T11:32:21+02:00
JST_4147,"Integrační tester + Plawright - hybrid, Praha",Principal engineering s.r.o.,Praha 4,až 120 000 Kč / měsíc,"Medior, Senior",https://www.jobstack.it/it-job/test-analytik/6a5f2a63a25cd,2026-09-12T11:32:21+02:00
JST_7402,Hledáme šikovného medior | senior IT analytika na stabilní dlouhodobý projekt,REDECO,Praha,až 110 000 Kč / měsíc,"Medior, Senior",https://www.jobstack.it/it-job/analytik/69cd4b094f6d9,2026-09-12T11:32:21+02:00
JST_0048,Senior AI Developer - rozvíjej AI kompetenci v Principalu,Principal engineering s.r.o.,Praha,až 180 000 Kč / měsíc,Senior,https://www.jobstack.it/it-job/ai-developer/69aae22843377,2026-09-12T11:32:21+02:00
JST_1785,BU/IT Analytik – Salesforce,REDECO,Praha,až 190 000 Kč / měsíc,"Senior, Expert",https://www.jobstack.it/it-job/analytik/6968aedfd2732,2026-09-12T11:32:21+02:00
JST_8793,PHP programátor (Nette),1. Web IT s.r.o.,"Drtinova 10, Praha 5 (Impact Hub), Brno - Cyrilská 7",až 95 000 Kč / měsíc,"Junior, Medior",https://www.jobstack.it/it-job/php-developer/5bd1c00490cad,2026-09-12T11:32:21+02:00
JST_9104,Senior cloud specialist: OpenStack & KVM,radixal s.r.o.,"2x -3x onsite Praha nebo Olomouc, po zapracování 1x onsite",až 160 000 Kč / měsíc,"Senior, Expert",https://www.jobstack.it/it-job/devops-admin/69831a3d5d630,2026-09-12T11:32:21+02:00
JST_1906,IT Cloud Security Specialist - Vulnerability Management (f/m/d),Deutsche Börse Group,"Sokolovska 662/136b, 18600 Praha 8, Praha, Česká republika",Nadstandardní,Senior,https://www.jobstack.it/it-job/specialista-it-securita/66742334559e3,2026-09-12T11:32:21+02:00
JST_8885,KONZULTANT – SYSTÉMOVÝ A PROCESNÍ ANALYTIK,Logio,Praha,až 80 000 Kč / měsíc,"Medior, Senior",https://www.jobstack.it/it-job/procesni-analytik/65b9426f7dbf7,2026-09-12T11:32:21+02:00
JST_1569,"Automation Tester (Robot Framework, Cypress, Python)",Team8,Praha,až 110 000 Kč / měsíc,"Senior, Expert",https://www.jobstack.it/it-job/automatizovane-testovani/6aa40a763bc04,2026-09-12T11:32:36+02:00
JST_4938,"Senior AI Engineer - Praha, IČO",Principal engineering s.r.o.,Praha,až 160 000 Kč / měsíc,"Medior, Senior",https://www.jobstack.it/it-job/ai-developer/6aa15799e0943,2026-09-12T11:32:36+02:00
JST_3979,AI Developer,Team8,Praha,až 180 000 Kč / měsíc,"Senior, Expert",https://www.jobstack.it/it-job/ai-developer/6aa15653c5257,2026-09-12T11:32:36+02:00
JST_7040,Business analytik (Credits & Risk),Team8,Praha,až 160 000 Kč / měsíc,"Senior, Expert",https://www.jobstack.it/it-job/analytik/6aa13721ea665,2026-09-12T11:32:36+02:00
JST_7788,NEXT.js developer (Medior),1. Web IT s.r.o.,"Drtinova 10, Praha 5 (Impact Hub) nebo Cyrilská 7, Brno",až 100 000 Kč / měsíc,"Junior, Medior",https://www.jobstack.it/it-job/react-developer/5c0f96ef19d1c,2026-09-12T11:32:36+02:00
JST_7945,Full stack web developer/ka (ASP.NET + Vue.js) pro Scormium,Pavel Janeček,Praha - Karlín,až 130 000 Kč / měsíc,"Medior, Senior, Expert",https://www.jobstack.it/it-job/full-stack-developer/691eeee3a1d4a,2026-09-12T11:32:36+02:00
JST_3590,SAP Expert R2R,Principal engineering s.r.o.,Praha 4,až 273 000 Kč / měsíc,"Senior, Expert",https://www.jobstack.it/it-job/specialista-erp/6a9fddb943b0d,2026-09-12T11:32:36+02:00
JST_2481,"Infrastructure Engineer – Windows - Praha, IČO",Principal engineering s.r.o.,Praha,až 165 000 Kč / měsíc,"Medior, Senior",https://www.jobstack.it/it-job/site-provoz/6a8ef3c5ede95,2026-09-12T11:32:36+02:00
JST_5931,Senior IT analytik | Enterprise Architect | Hybridní režim | až 9 000 Kč/MD,Apsaz Consulting a.s.,Praha 5 (HO 2-3 dny týdně),až 185 000 Kč / měsíc,"Senior, Expert",https://www.jobstack.it/it-job/analytik/6a953f3231ce7,2026-09-12T11:32:36+02:00
JST_9061,Senior QA analytik | Platby | Bankovní prostředí | Praha,tesena s.r.o.,Praha,až 85 000 Kč / měsíc,Senior,https://www.jobstack.it/it-job/test-analytik/6a9e84ab8d9ce,2026-09-12T11:32:36+02:00
JST_7123,DevOps lead,Generali Česká pojišťovna a.s.,Praha 4 - ale máme hodně flexibility (1 den office/4 dny HO),Navrhni si mzdu,"Medior, Senior",https://www.jobstack.it/it-job/devops-admin/6a4e01d91f62d,2026-09-12T11:32:36+02:00
JST_6673,"Database Administrator - Praha, IČO",Principal engineering s.r.o.,Praha,až 160 000 Kč / měsíc,Senior,https://www.jobstack.it/it-job/database-admin/6a981389a3459,2026-09-12T11:32:36+02:00
JST_9157,L2 Database Specialist,Creditinfo CEE s.r.o.,"Rohanské nábřeží 19., Praha - Karlín",až 90 000 Kč / měsíc,Medior,https://www.jobstack.it/it-job/database-admin/6a9562c024ddc,2026-09-12T11:32:36+02:00
JST_7790,QA Engineer - Web & Mobile,NOTIX s.r.o.,Praha,až 120 000 Kč / měsíc,"Medior, Senior, Expert",https://www.jobstack.it/it-job/automatizovane-testovani/6a955a389768f,2026-09-12T11:32:36+02:00
JST_9394,Akviziční obchodník pro tech produkt (Junior - Senior) | 70–120k+,Apsaz Consulting a.s.,Praha 5,až 120 000 Kč / měsíc,"Junior, Medior, Senior",https://www.jobstack.it/it-job/sales-manager/69c2950d83d2e,2026-09-12T11:32:36+02:00
JST_8093,Procesní / Bezpečnostní analytik,NOTIX s.r.o.,Praha,až 180 000 Kč / měsíc,"Senior, Expert",https://www.jobstack.it/it-job/procesni-analytik/6a8fe0b99ef0e,2026-09-12T11:32:36+02:00
JST_2366,IT KONZULTANT /facility management/,Jana Květoňová - talent hunter,Praha 7,až 130 000 Kč / měsíc,"Junior, Medior, Senior",https://www.jobstack.it/it-job/it-konzultant/6a79c10fa6f8c,2026-09-12T11:32:36+02:00
JST_1114,Tester automobilových technologií na HIL zařízeních,tesena s.r.o.,"Mladá Boleslav, Praha",až 60 000 Kč / měsíc,Junior,https://www.jobstack.it/it-job/tester/68df7f0148951,2026-09-12T11:32:36+02:00
JST_0612,QA Tester s vizí: víc než jen klikání! Hledá se medior/senior tester!,tesena s.r.o.,Praha,až 90 000 Kč / měsíc,"Medior, Senior",https://www.jobstack.it/it-job/test-analytik/67500fb935e72,2026-09-12T11:32:36+02:00
JST_6436,IT Analytik,Think Easy s.r.o.,"Žitomírská 599/38, Praha 10",až 80 000 Kč / měsíc,"Medior, Senior",https://www.jobstack.it/it-job/analytik/6567a8d43dbde,2026-09-12T11:32:36+02:00
JST_7412,Business Development Manager – IT / Custom Software,NOTIX s.r.o.,Praha,Navrhni si mzdu,Senior,https://www.jobstack.it/it-job/obchodnik-it/6a84134813902,2026-09-12T11:32:42+02:00
JST_8856,"Quality Engineer – automatizace, API a integrační testování | Praha, hybrid",Principal engineering s.r.o.,Praha/remote,až 100 000 Kč / měsíc,Medior,https://www.jobstack.it/it-job/automatizovane-testovani/6a83037007490,2026-09-12T11:32:42+02:00
JST_5398,"Senior IS Architekt / Analytik - Praha, IČO",Principal engineering s.r.o.,Praha,až 210 000 Kč / měsíc,"Senior, Expert",https://www.jobstack.it/it-job/architekt/6a3bc9bd157e0,2026-09-12T11:32:42+02:00
JST_0016,Database Administrator/SQL Server Administrator,Team8,Praha,až 150 000 Kč / měsíc,"Senior, Expert",https://www.jobstack.it/it-job/database-admin/6a7c808215eaf,2026-09-12T11:32:42+02:00
JST_7328,embedded C vývojář,MACH SYSTEMS s.r.o.,Praha 10,až 65 000 Kč / měsíc,"Medior, Senior",https://www.jobstack.it/it-job/c-cplusplus-developer/6a398e0a9970f,2026-09-12T11:32:42+02:00
JST_3416,Technická podpora (L1),Daktela s.r.o.,"Vinohradská 2828/151, 130 00 Praha 3 – Žižkov",Navrhni si mzdu,"Junior, Medior",https://www.jobstack.it/it-job/it-podpora/67376efc9456b,2026-09-12T11:32:42+02:00
JST_1978,"Consultant (Customer care, Onboarding, Implementation)",Daktela s.r.o.,"Vinohradská 2828/151, Praha, Žižkov",Navrhni si mzdu,"Medior, Senior",https://www.jobstack.it/it-job/it-podpora/692577586a49f,2026-09-12T11:32:42+02:00
JST_8557,"Tester/Test Analytik – webové aplikace | hybrid, Praha",Principal engineering s.r.o.,Praha/remote,až 70 000 Kč / měsíc,Medior,https://www.jobstack.it/it-job/test-analytik/6a798b41704c5,2026-09-12T11:32:42+02:00
JST_5137,Python/Django Senior Developer,Endevel s.r.o.,Z pohodlí domova nebo Praha - předměstí,až 130 000 Kč / měsíc,Senior,https://www.jobstack.it/it-job/python-developer/61b75fe1a4daa,2026-09-12T11:32:42+02:00
JST_1653,Team lead - webdeveloper,Endevel s.r.o.,"Praha, Hradčanská",až 140 000 Kč / měsíc,"Senior, Expert",https://www.jobstack.it/it-job/python-developer/62fca781173af,2026-09-12T11:32:42+02:00
JST_7539,Python Medior Developer,Endevel s.r.o.,"Praha, Hradčanská",až 90 000 Kč / měsíc,Medior,https://www.jobstack.it/it-job/python-developer/6307129faf4b4,2026-09-12T11:32:42+02:00
JST_8394,Projektový manažer pro vývoj webových aplikací,Endevel s.r.o.,"Praha, Hrdčanská",až 90 000 Kč / měsíc,"Medior, Senior",https://www.jobstack.it/it-job/it-project-manager/652169c497c0f,2026-09-12T11:32:42+02:00
JST_6959,IT Administrator - Cloud,Geetoo Technology s.r.o.,Praha nebo Olomouc,Navrhni si mzdu,"Junior, Medior",https://www.jobstack.it/it-job/it-podpora/69ae955a9a42a,2026-09-12T11:32:42+02:00
JST_6117,Senior Infrastructure Network Consultant - NSX,Geetoo Technology s.r.o.,Praha nebo Roudnice,Navrhni si mzdu,Senior,https://www.jobstack.it/it-job/site-provoz/6a43add3d7481,2026-09-12T11:32:42+02:00
JST_1571,Solution Architect,NOTIX s.r.o.,Praha,až 170 000 Kč / měsíc,"Senior, Expert",https://www.jobstack.it/it-job/architekt/6a61f5f07b6fc,2026-09-12T11:32:42+02:00
JST_8204,"DWH Developer | MS SQL, T-SQL, SSIS",NOTIX s.r.o.,Praha,až 150 000 Kč / měsíc,"Senior, Expert",https://www.jobstack.it/it-job/data-dwh-bigdata-developer/6a3ba54294e62,2026-09-12T11:32:42+02:00
JST_7554,IT Koordinátor/ka IT Incidentů,Generali Česká pojišťovna a.s.,Praha,Navrhni si mzdu,Senior,https://www.jobstack.it/it-job/it-operator/66f6ac28df705,2026-09-12T11:32:42+02:00
JST_7767,Senior Business analytik / analytička,tesena s.r.o.,Praha,až 110 000 Kč / měsíc,Senior,https://www.jobstack.it/it-job/analytik/6a4e041e5d50c,2026-09-12T11:32:42+02:00
JST_7373,Senior IT analytik / analytička,tesena s.r.o.,Praha,až 110 000 Kč / měsíc,Senior,https://www.jobstack.it/it-job/analytik/6a4df8cdd6435,2026-09-12T11:32:42+02:00
JST_2943,Senior / Medior QA & Test Automation,tesena s.r.o.,Praha,až 90 000 Kč / měsíc,"Medior, Senior",https://www.jobstack.it/it-job/tester/695fa72162baa,2026-09-12T11:32:42+02:00
JST_6540,2nd Level Support Specialist,Creditinfo CEE s.r.o.,"Rohanské nábřeží 19, Praha - Karlín",až 65 000 Kč / měsíc,Junior,https://www.jobstack.it/it-job/it-podpora/6a4cd6cbd2ad5,2026-09-12T11:32:53+02:00
JST_6409,Product Manager,Creditinfo CEE s.r.o.,Praha - Karlín,až 100 000 Kč / měsíc,Medior,https://www.jobstack.it/it-job/product-designer/6a4cd3f903acc,2026-09-12T11:32:53+02:00
JST_0546,Solution Architect,"AIS Servis, s.r.o.",Praha/Brno,Navrhni si mzdu,"Senior, Expert",https://www.jobstack.it/it-job/architekt/630c935f2cba5,2026-09-12T11:32:53+02:00
JST_1042,Vedoucího oddělení software vývoje (f/m),mBlue CZECH,Praha,až 160 000 Kč / měsíc,Senior,https://www.jobstack.it/it-job/it-manager/6891f9f08a9bc,2026-09-12T11:32:53+02:00
JST_4760,VMware Consultant | Enterprise infrastruktura | autonomie (m/ž),Geetoo Technology s.r.o.,Praha,až 150 000 Kč / měsíc,"Medior, Senior, Expert",https://www.jobstack.it/it-job/microsoft-admin/6a42448ae7065,2026-09-12T11:32:53+02:00
JST_9298,Business Developer - vývoj elektronických systémů,MACH SYSTEMS s.r.o.,Praha 10,až 65 000 Kč / měsíc,"Junior, Medior, Senior",https://www.jobstack.it/it-job/sales-manager/680b5d326110a,2026-09-12T11:32:53+02:00
JST_1673,SAP WM / Logistics Lead - Praha onsite,Principal engineering s.r.o.,"Praha, ČR",až 170 000 Kč / měsíc,Senior,https://www.jobstack.it/it-job/specialista-erp/6a2fb4d4c8037,2026-09-12T11:32:53+02:00
JST_7691,Linux administrátor ( Junior / senior ),AdminIT s.r.o.,Praha / Plzeň / Full remote,Navrhni si mzdu,"Junior, Medior, Senior, Expert",https://www.jobstack.it/it-job/unix-linux-admin/644bcbddea8b9,2026-09-12T11:32:53+02:00
JST_0360,MS Windows Administrátor (i absolvent),AdminIT s.r.o.,"Drahobejlova 1452/54, Praha 9",Navrhni si mzdu,"Junior, Medior, Senior, Expert",https://www.jobstack.it/it-job/microsoft-admin/67e5479d54313,2026-09-12T11:32:53+02:00
JST_9725,Java Developer (Praha),ProRocketeers,Java Developer (Praha),až 120 000 Kč / měsíc,"Medior, Senior, Expert",https://www.jobstack.it/it-job/react-developer/6a2bb632bc5c6,2026-09-12T11:32:53+02:00
JST_9722,SAP PROGRAMÁTOR NA HPP,Deep Systems s. r. o.,Praha 8 Karlín,Navrhni si mzdu,,https://www.jobstack.it/it-job/developer-other/60460aed79ff3,2026-09-12T11:32:53+02:00
JST_5846,ICT – Azure DevOps Engineer Praha/Olomouc,Banka CREDITAS a.s.,Praha nebo Olomouc,Navrhni si mzdu,"Junior, Medior",https://www.jobstack.it/it-job/azure-admin/6682857e07edb,2026-09-12T11:32:53+02:00
JST_5224,IT Systémový administrátor (m/ž),RIEDIGER. tax & accounting s.r.o.,Praha nebo Liberec,Navrhni si mzdu,"Medior, Senior",https://www.jobstack.it/it-job/microsoft-admin/6a103d49b0f78,2026-09-12T11:32:53+02:00
JST_0364,Test Analytik/Test manager,tesena s.r.o.,Praha,až 100 000 Kč / měsíc,"Medior, Senior",https://www.jobstack.it/it-job/test-analytik/68b7650d4825e,2026-09-12T11:32:53+02:00
JST_2747,Zabbix Consultant (m/ž),Geetoo Technology s.r.o.,Praha Vokovice / Roudnice nad Labem,až 135 000 Kč / měsíc,"Medior, Senior, Expert",https://www.jobstack.it/it-job/unix-linux-admin/69eb5fa8418ed,2026-09-12T11:32:53+02:00
JST_5144,Virtualizační Engineer - Technický garant platformy,Geetoo Technology s.r.o.,Praha nebo Olomouc,Navrhni si mzdu,"Senior, Expert",https://www.jobstack.it/it-job/developer-other/69eb590529555,2026-09-12T11:32:53+02:00
JST_5857,Vývojář C# pro eWay-CRM,eWay System s.r.o.,"Záběhlice, Praha",až 100 000 Kč / měsíc,"Medior, Senior, Expert",https://www.jobstack.it/it-job/dot-net-developer/678a2dbcd43ed,2026-09-12T11:32:53+02:00
JST_1935,Business Development Representative,"Onlio, a.s.","U garáží 1611/1, Praha 7",Navrhni si mzdu,Medior,https://www.jobstack.it/it-job/obchodnik-it/674ef2b0f1887,2026-09-12T11:32:53+02:00
JST_0267,Hledáme seniorního IT analytika na stabilní dlouhodobý projekt,REDECO,Praha,až 190 000 Kč / měsíc,"Senior, Expert",https://www.jobstack.it/it-job/analytik/6929c0b20c2e6,2026-09-12T11:32:53+02:00
JST_5692,Test automation engineer - Playwright,tesena s.r.o.,Praha,až 100 000 Kč / měsíc,Senior,https://www.jobstack.it/it-job/automatizovane-testovani/64f5ab2041ea1,2026-09-12T11:32:53+02:00
JST_6505,Salesforce Developer/Architect,Principal engineering s.r.o.,Praha,až 270 000 Kč / měsíc,Senior,https://www.jobstack.it/it-job/developer-other/6908e9c30605e,2026-09-12T11:33:02+02:00
JST_7206,Helpdesk Specialist – IT / Farmacie,"Sprinx Systems, a.s.",Praha 4 - Braník,Navrhni si mzdu,"Junior, Medior",https://www.jobstack.it/it-job/univerzal-it/69babd779c2e0,2026-09-12T11:33:02+02:00
JST_3990,IT Analytik/čka – Payment Services | Nová digitální banka,REDECO,Praha - Stodůlky,až 140 000 Kč / měsíc,Medior,https://www.jobstack.it/it-job/analytik/699ea95d34734,2026-09-12T11:33:02+02:00
JST_3330,Obchodník se zkušenostmi v IT,Neovia,Praha,až 85 000 Kč / měsíc,"Medior, Senior, Expert",https://www.jobstack.it/it-job/obchodnik-it/67f50d90da538,2026-09-12T11:33:02+02:00
JST_7785,Data Engineer,IDC,"Malé náměstí 459/11, Praha, Staré Město",až 75 000 Kč / měsíc,Medior,https://www.jobstack.it/it-job/python-developer/6995cc3154590,2026-09-12T11:33:02+02:00
JST_2347,WordPress & PrestaShop Developer (PHP),1. Web IT s.r.o.,"Praha, Brno",až 90 000 Kč / měsíc,Medior,https://www.jobstack.it/it-job/full-stack-developer/69948a4dc9527,2026-09-12T11:33:02+02:00
JST_7428,Senior Network Engineer with Azure,EndySoft s.r.o.,Praha,až 121 300 Kč / měsíc,"Senior, Expert",https://www.jobstack.it/it-job/azure-admin/698b3717958c9,2026-09-12T11:33:02+02:00
JST_2175,Ruby on Rails Junior with a passion for AI,Timepress,"Praha 6 u metra Petřiny, hybrid",až 50 000 Kč / měsíc,"Junior, Medior",https://www.jobstack.it/it-job/ruby-on-rails-developer/660e4aad9010c,2026-09-12T11:33:02+02:00
JST_5801,"Junior programátor Ruby, co nemá zaťatý zuby",Timepress,"Praha 6 u metra Petřiny, hybrid",až 60 000 Kč / měsíc,"Junior, Medior",https://www.jobstack.it/it-job/ruby-on-rails-developer/607d7030231e2,2026-09-12T11:33:02+02:00
JST_9151,Ruby on Rails programátor/ka do party,Timepress,"Praha 6 - Petřiny, hybrid",až 80 000 Kč / měsíc,"Junior, Medior, Senior",https://www.jobstack.it/it-job/python-developer/615b13673423d,2026-09-12T11:33:02+02:00
JST_4663,Nadšený backend vývojář na cestě k Ruby,Timepress,"Praha 6 u metra Petřiny, hybrid",až 80 000 Kč / měsíc,"Junior, Medior",https://www.jobstack.it/it-job/ruby-on-rails-developer/65fab87b0579d,2026-09-12T11:33:02+02:00
JST_9501,Naprogramujete webovou appku? Baví vás AI? Pojďte k nám!,Timepress,"Praha 6 u metra Petřiny, hybrid",až 80 000 Kč / měsíc,"Junior, Medior",https://www.jobstack.it/it-job/ruby-on-rails-developer/660e4c1b21d70,2026-09-12T11:33:02+02:00
JST_0296,"Junior BE programátor, co se nebojí Ruby",Timepress,"Praha 6 - Petřiny, hybrid",až 60 000 Kč / měsíc,Junior,https://www.jobstack.it/it-job/ruby-on-rails-developer/607d6c3fe3cd0,2026-09-12T11:33:02+02:00
JST_3711,"Umíš stavět aplikace v Ruby či Pythonu. Je čas stavět to, na čem porosteš taky",Timepress,"Praha 6 - Petřiny, hybrid",až 60 000 Kč / měsíc,"Junior, Medior",https://www.jobstack.it/it-job/python-developer/60ff3341948f5,2026-09-12T11:33:02+02:00
JST_4555,Senior IT/Business analytik,NOTIX s.r.o.,Praha,až 190 000 Kč / měsíc,Senior,https://www.jobstack.it/it-job/analytik/666aef749e0ce,2026-09-12T11:33:02+02:00
JST_2711,Support & Delivery Engineer L2,Daktela s.r.o.,"Vinohradská 2828/151, Praha, Žižkov",Navrhni si mzdu,"Medior, Senior, Expert",https://www.jobstack.it/it-job/it-podpora/685a7d5367171,2026-09-12T11:33:02+02:00
JST_3763,⋙Business Analytik - zajímavé zahraniční projekty⋘,mBlue,Praha,Navrhni si mzdu,"Medior, Senior",https://www.jobstack.it/it-job/analytik/693294e3ca7dc,2026-09-12T11:33:02+02:00
JST_3463,Test Analytik - medior/senior,tesena s.r.o.,Praha,až 85 000 Kč / měsíc,"Medior, Senior",https://www.jobstack.it/it-job/test-analytik/690b12080bf42,2026-09-12T11:33:02+02:00
JST_2182,Hledáme Integration Test Analytika (SOAP),tesena s.r.o.,"Praha, Česko",až 90 000 Kč / měsíc,"Medior, Senior",https://www.jobstack.it/it-job/analytik/68b76046c5ee4,2026-09-12T11:33:02+02:00
JST_6087,Digital Marketing & Web Optimization Specialist,PromoTron Solutions a.s.,"Táborská 619/46, Praha 4",až 100 000 Kč / měsíc,Medior,https://www.jobstack.it/it-job/specialista-seo/68e5f3a4b5437,2026-09-12T11:33:02+02:00
JST_9241,Integration Test Analyst - Medior/senior,tesena s.r.o.,Praha,až 85 000 Kč / měsíc,"Medior, Senior, Expert",https://www.jobstack.it/it-job/analytik/6821ec392bec6,2026-09-12T11:33:16+02:00
JST_4135,Akviziční obchodník - sales executive - oblast IT,Radova.consulting,"Praha, Brno (možnosti HO)",až 160 000 Kč / měsíc,Medior,https://www.jobstack.it/it-job/obchodnik-it/68ca9bb66cb93,2026-09-12T11:33:16+02:00
JST_4609,Konzultant ERP systému,ARTEX informační systémy,"Štefánikova 32, Praha 5",až 80 000 Kč / měsíc,"Junior, Medior, Senior, Expert",https://www.jobstack.it/it-job/it-konzultant/5f86b80e1a9ef,2026-09-12T11:33:16+02:00
JST_3132,Team leader/Programátor — DEK a.s.,skupina DEK a.s.,Praha 10,Navrhni si mzdu,,https://www.jobstack.it/it-job/team-leader/65a8f44e6199b,2026-09-12T11:33:16+02:00
JST_6741,Tester: rozvoj zaručen!,tesena s.r.o.,Praha,až 90 000 Kč / měsíc,"Medior, Senior",https://www.jobstack.it/it-job/test-analytik/67f373a581421,2026-09-12T11:33:16+02:00
JST_9086,IT analytik,DEV Course,Praha,až 90 000 Kč / měsíc,,https://www.jobstack.it/it-job/analytik/689c339b5e4d2,2026-09-12T11:33:16+02:00
JST_3867,PHP Developer (junior/medior) – interní aplikace s dopadem,Headhunter,Praha,Navrhni si mzdu,"Junior, Medior",https://www.jobstack.it/it-job/php-developer/689527a77db40,2026-09-12T11:33:16+02:00
JST_7344,BI Data Engineer – Tech Lead (f/m),mBlue CZECH,Praha,až 200 000 Kč / měsíc,Senior,https://www.jobstack.it/it-job/specialista-data-bi-dwh-bigdata/688a23675a6cf,2026-09-12T11:33:16+02:00
JST_3656,Doménový analytik v oblasti trackování a datové fúze,ERA a. s.,"Praha, Pardubice",Navrhni si mzdu,"Junior, Medior, Senior, Expert",https://www.jobstack.it/it-job/analytik/6887a7399612e,2026-09-12T11:33:16+02:00
JST_1953,"HLEDÁME Senior React Developera pro M365, SPFX!",XPIS s.r.o.,"Mezilesní 23, Praha 4",Navrhni si mzdu,"Senior, Expert",https://www.jobstack.it/it-job/developer-other/67dc12d1afcfe,2026-09-12T11:33:16+02:00
JST_7017,PROGRAMÁTOR ERP SYSTÉMU,ARTEX informační systémy,"Štefánikova 32, Praha 5",až 50 000 Kč / měsíc,"Junior, Medior",https://www.jobstack.it/it-job/database-developer/60003c43e18d4,2026-09-12T11:33:16+02:00
JST_6377,Senior React Developer,EndySoft s.r.o.,"kdekoliv z ČR, 1 den onsite Brno, případně Praha",až 180 000 Kč / měsíc,Senior,https://www.jobstack.it/it-job/react-developer/64802dce20233,2026-09-12T11:33:16+02:00
JST_4633,Solution Engineer (presales),Passengera s.r.o.,Praha 6,Navrhni si mzdu,"Medior, Senior",https://www.jobstack.it/it-job/presale-specialista/67b7579b8ec8f,2026-09-12T11:33:16+02:00
JST_8702,Solutions architect Azure,DATRON,Česká Lípa/ Praha,Navrhni si mzdu,"Senior, Expert",https://www.jobstack.it/it-job/architekt/679226f52ead1,2026-09-12T11:33:16+02:00
JST_7016,Python programátor/ka pro DevOps tým,Generali Česká pojišťovna a.s.,Praha a HO,až 90 000 Kč / měsíc,Medior,https://www.jobstack.it/it-job/python-developer/6788cde7e48ca,2026-09-12T11:33:16+02:00
JST_0011,Projektový*á manažer*ka digitálních projektů,BlueGhost.cz,Praha,Navrhni si mzdu,Senior,https://www.jobstack.it/it-job/it-project-manager/5a54d6bc65074,2026-09-12T11:33:16+02:00
JST_7100,IT konzultant pro zajímavé projekty z oblasti Identity Managementu,IdStory,"7. května 1168/70, Praha – Chodov",Navrhni si mzdu,"Junior, Medior, Senior",https://www.jobstack.it/it-job/it-konzultant/628768222baf9,2026-09-12T11:33:16+02:00
JST_8194,UK startup looks for a Junior RoR dev keen to learn,Avvoka,"Praha 6 - Petřiny, hybrid",až 50 000 Kč / měsíc,"Junior, Medior",https://www.jobstack.it/it-job/python-developer/627a82ae181c1,2026-09-12T11:33:16+02:00
JST_6907,London based startup looks for a Medior to Senior RoR dev,Avvoka,"Praha 6 - Petřiny, hybrid",až 80 000 Kč / měsíc,"Medior, Senior",https://www.jobstack.it/it-job/python-developer/654a4093d28af,2026-09-12T11:33:16+02:00
JST_7065,Medior Python Developer,Generali Česká pojišťovna a.s.,Praha,Navrhni si mzdu,Medior,https://www.jobstack.it/it-job/python-developer/66d9f380abe69,2026-09-12T11:33:16+02:00
JST_9813,Python vývojář/ka pro DevOps tým,Generali Česká pojišťovna a.s.,Praha a Home Office,Navrhni si mzdu,"Medior, Senior",https://www.jobstack.it/it-job/python-developer/664b43802cef9,2026-09-12T11:33:28+02:00
JST_2868,ML výzkumník pro doporučovací systémy,"Seznam.cz, a.s.",Praha,Navrhni si mzdu,"Junior, Medior",https://www.jobstack.it/it-job/specialista-ai/66be2de03e3fb,2026-09-12T11:33:28+02:00
JST_9525,IT Solution Analyst,Creditinfo CEE s.r.o.,"Rohanské nábřeží 19, Praha",až 80 000 Kč / měsíc,"Junior, Medior",https://www.jobstack.it/it-job/analytik/65df3760a8da9,2026-09-12T11:33:28+02:00
JST_3015,Team & Tech Leader s NODE.JS,MailStep,Praha Karlín min. 1x týdně,až 10 000 Kč / měsíc,"Senior, Expert",https://www.jobstack.it/it-job/node-js-developer/6465148241cad,2026-09-12T11:33:28+02:00
JST_3918,⋙ Zajímavá výzva pro Seniorní IT auditory v oblasti finančnictví! ⋘,mBlue ČR,Praha,až 105 000 Kč / měsíc,"Medior, Senior, Expert",https://www.jobstack.it/it-job/procesni-analytik/65e837bd50473,2026-09-12T11:33:28+02:00
JST_1228,⭕ ABAP PROGRAMÁTOR - PRAHA,"ProfesKontakt, s.r.o.",Praha/remote,až 110 000 Kč / měsíc,"Junior, Medior, Senior",https://www.jobstack.it/it-job/specialista-erp/65ddd5bbc0f44,2026-09-12T11:33:28+02:00
JST_9294,IT Risk Specialist (f/m/d),Deutsche Börse Group,"Prague, Sokolovská 662, 186 00 Praha 8-Invalidovna, Česko",Nadstandardní,Medior,https://www.jobstack.it/it-job/specialista-it-securita/65dc46998a9d1,2026-09-12T11:33:28+02:00
JST_0641,Integrační specialista – MS Dynamics 365,mBlue - L3 support,Praha,až 160 000 Kč / měsíc,,https://www.jobstack.it/it-job/dot-net-developer/65d8b8d7b01d3,2026-09-12T11:33:28+02:00
JST_7587,System Test Engineer,Akkodis CZ s.r.o.,Praha,Navrhni si mzdu,Medior,https://www.jobstack.it/it-job/tester/63beb6d26527e,2026-09-12T11:33:28+02:00
JST_3059,Senior IT Analytik,Neovia,Praha,Navrhni si mzdu,"Senior, Expert",https://www.jobstack.it/it-job/analytik/65d47849ede7f,2026-09-12T11:33:28+02:00
JST_7969,PlayCanvas Developer,Movisio s.r.o.,Praha,až 100 000 Kč / měsíc,"Junior, Medior, Senior, Expert",https://www.jobstack.it/it-job/developer-other/65ce0b3368993,2026-09-12T11:33:28+02:00
JST_6457,Software Analytik pro budoucnost dopravy ????,INTENS Corporation s.r.o.,Praha,Navrhni si mzdu,"Medior, Senior, Expert",https://www.jobstack.it/it-job/analytik/611e579c5bb19,2026-09-12T11:33:28+02:00
JST_7948,Senior C#/.NET Developer,INTENS Corporation s.r.o.,Praha,Navrhni si mzdu,"Senior, Expert",https://www.jobstack.it/it-job/dot-net-developer/6006e34cd874f,2026-09-12T11:33:28+02:00
JST_3694,Projektový manažer,EFFIIS s.r.o.,Praha,Navrhni si mzdu,"Junior, Medior",https://www.jobstack.it/it-job/it-project-manager/65a65512d25bd,2026-09-12T11:33:28+02:00
JST_1322,React Vývojář,Iguana Technology,Praha / Remote,až 100 000 Kč / měsíc,"Junior, Medior, Senior",https://www.jobstack.it/it-job/react-developer/609a58e9756b3,2026-09-12T11:33:28+02:00
JST_5628,Lékař/ka - senior konzultant/ka,STAPRO s. r. o.,"Brno, Praha, Ostrava nebo Pardubice",Navrhni si mzdu,"Junior, Medior, Senior, Expert",https://www.jobstack.it/it-job/it-konzultant/61dd4cb9e3d9b,2026-09-12T11:33:28+02:00
JST_7733,SAP MM Konzultant - logistika,EFFIIS s.r.o.,Praha,Navrhni si mzdu,"Medior, Senior",https://www.jobstack.it/it-job/specialista-erp/610843fc40584,2026-09-12T11:33:28+02:00
JST_6831,Konzultant SAP - výroba (modul PP),EFFIIS s.r.o.,Praha,Navrhni si mzdu,"Medior, Senior",https://www.jobstack.it/it-job/specialista-erp/618394c27aa19,2026-09-12T11:33:28+02:00
JST_8068,ABAP Developer,EFFIIS s.r.o.,Praha,Navrhni si mzdu,Junior,https://www.jobstack.it/it-job/javascript-developer/659e74727558b,2026-09-12T11:33:28+02:00
JST_6717,SAP Projektový manažer,EFFIIS s.r.o.,Praha,Navrhni si mzdu,"Medior, Senior",https://www.jobstack.it/it-job/it-project-manager/659bb3f58bf96,2026-09-12T11:33:28+02:00
JST_4520,JUNIOR IT SUPPORT,GIT,Praha,až 30 000 Kč / měsíc,Junior,https://www.jobstack.it/it-job/it-podpora/655323356cd16,2026-09-12T11:33:42+02:00
JST_6686,senior SÍŤOVÝ ADMIN,Internet Praha Josefov s.r.o.,Praha,až 60 000 Kč / měsíc,"Medior, Senior",https://www.jobstack.it/it-job/it-konzultant/654e56d9e8c02,2026-09-12T11:33:42+02:00
JST_9568,"SPRÁVCE ARCHIVNÍHO INFORMAČNÍHO SYSTÉMU (0,5 úvazek)",Univerzita Karlova,"Ovocný trh 5, Praha 1",Navrhni si mzdu,"Junior, Medior, Senior, Expert",https://www.jobstack.it/it-job/unix-linux-admin/654e0f6a180dc,2026-09-12T11:33:42+02:00
JST_7323,Projektový manažer,EFFIIS s.r.o.,Praha,Navrhni si mzdu,"Junior, Medior",https://www.jobstack.it/it-job/it-project-manager/61843fd5258ae,2026-09-12T11:33:42+02:00
JST_1905,Junior SAP FI Konzultant,EFFIIS s.r.o.,Praha,Navrhni si mzdu,Junior,https://www.jobstack.it/it-job/javascript-developer/6540d6b04a32e,2026-09-12T11:33:42+02:00
JST_2176,INCIDENT KOORDINATOR/KA - ABSOLVENT/KA SŠ S IT ZAMĚŘENÍM,Generali Česká pojišťovna a.s.,Praha,Navrhni si mzdu,Junior,https://www.jobstack.it/it-job/it-operator/6538d9eba4e03,2026-09-12T11:33:42+02:00
JST_8423,Fiori Developer,EFFIIS s.r.o.,Praha,Navrhni si mzdu,"Junior, Medior",https://www.jobstack.it/it-job/developer-other/649974baa54ad,2026-09-12T11:33:42+02:00
JST_4497,SAP Projektový manažer,EFFIIS s.r.o.,Praha,Navrhni si mzdu,"Medior, Senior",https://www.jobstack.it/it-job/it-project-manager/652ce79fa7eeb,2026-09-12T11:33:42+02:00
JST_3362,"⋙Baví Tě data, ML, s Pythonem děláš většinu pracovního dne?⋘",mBlue,praha,Navrhni si mzdu,"Junior, Medior, Senior",https://www.jobstack.it/it-job/specialista-data-bi-dwh-bigdata/6526a3f55c8e7,2026-09-12T11:33:42+02:00
JST_2845,QA Automation Engineer,Iguana Technology,Praha nebo Remote,až 100 000 Kč / měsíc,"Medior, Senior",https://www.jobstack.it/it-job/automatizovane-testovani/644146e28f753,2026-09-12T11:33:42+02:00
JST_2715,IT Specialista,"Felix a spol. advokátní kancelář, s. r. o.","U Nikolajky 833/5, 150 00 Praha 5",až 50 000 Kč / měsíc,Medior,https://www.jobstack.it/it-job/microsoft-admin/64ecad8c619f2,2026-09-12T11:33:42+02:00
JST_2255,Back-end developer C#/.Net,Iguana Technology,Praha,až 130 000 Kč / měsíc,"Medior, Senior",https://www.jobstack.it/it-job/dot-net-developer/64ec84f9166b7,2026-09-12T11:33:42+02:00
JST_7243,⋙Senior Java developer s možností vedení týmu⋘,mBlue,praha,Navrhni si mzdu,"Medior, Senior, Expert",https://www.jobstack.it/it-job/analytik/64dcdd73d2c8c,2026-09-12T11:33:42+02:00
JST_0879,SAP S/4 HANA Public Cloud Konzultant,EFFIIS s.r.o.,Praha,Navrhni si mzdu,"Medior, Senior, Expert",https://www.jobstack.it/it-job/specialista-erp/64ca2d1c54dd0,2026-09-12T11:33:42+02:00
JST_3239,C++ Software engineer,Rockwell Automation,"Argentinská 1610/4, 170 00 Praha 7-Holešovice",až 100 000 Kč / měsíc,"Junior, Medior, Senior, Expert",https://www.jobstack.it/it-job/c-cplusplus-developer/629f0aab1c6d4,2026-09-12T11:33:42+02:00
JST_2165,Sales Assistant,Kontrolka s.r.o.,"Michelská 18, Praha 4",až 60 000 Kč / měsíc,,https://www.jobstack.it/it-job/obchodnik-it/64b7db8148003,2026-09-12T11:33:42+02:00
JST_5013,IT síťový/á specialist(k)a Cisco,Adriana Sirná,"5. května 1640/65, Praha 4",Navrhni si mzdu,"Medior, Senior, Expert",https://www.jobstack.it/it-job/specialista-it-securita/649424ee3dbdd,2026-09-12T11:33:42+02:00
JST_5388,SAP Aplikační architekt,EFFIIS s.r.o.,Praha - Libuš,Navrhni si mzdu,,https://www.jobstack.it/it-job/architekt/648ab7fbb971b,2026-09-12T11:33:42+02:00
JST_8217,SAP Technický architekt,EFFIIS s.r.o.,Praha - Libuš,Navrhni si mzdu,,https://www.jobstack.it/it-job/architekt/648ab746a7c03,2026-09-12T11:33:42+02:00
JST_0327,IT FULL STACK DEVELOPER,"Elem6, s.r.o.",Praha,až 80 000 Kč / měsíc,Medior,https://www.jobstack.it/it-job/full-stack-developer/646f22428f1ab,2026-09-12T11:33:42+02:00
JST_9436,Backend Developer PHP,Passengera s.r.o.,Praha 6/Home Office,Navrhni si mzdu,"Medior, Senior",https://www.jobstack.it/it-job/web-koder/63bff210e1206,2026-09-12T11:33:50+02:00
JST_1487,SW Engineer for AI Centre,O2 Česká Republika a.s.,Praha,Navrhni si mzdu,Expert,https://www.jobstack.it/it-job/specialista-ai/645777142057d,2026-09-12T11:33:50+02:00
JST_1171,Seniorní DevOps nebo Cloud Architect,HR PROfi s.r.o.,Praha,až 160 000 Kč / měsíc,Senior,https://www.jobstack.it/it-job/specialista-devops/643d615d86bb5,2026-09-12T11:33:50+02:00
JST_1755,Support Engineer,MaxBill,"Křižíkova 148/34 Karlín 186 00, Praha",Navrhni si mzdu,"Medior, Senior",https://www.jobstack.it/it-job/it-podpora/643d50f8c5717,2026-09-12T11:33:50+02:00
JST_9989,J2EE Developer,Generali Česká pojišťovna a.s.,Praha 4 Pankrác a Home Office,až 80 000 Kč / měsíc,Medior,https://www.jobstack.it/it-job/java-developer/6439139928aa3,2026-09-12T11:33:50+02:00
JST_3764,Medior Backend Developer,BTG solutions s.r.o.,Praha,až 100 000 Kč / měsíc,"Medior, Senior",https://www.jobstack.it/it-job/php-developer/61ead4a041c55,2026-09-12T11:33:50+02:00
JST_7179,Content Producer robot_dreams Czech,Laba Czech vzdělávání s.r.o.,Praha - Karlín,až 50 000 Kč / měsíc,Medior,https://www.jobstack.it/it-job/copywriter/64146f8bd400c,2026-09-12T11:33:50+02:00
JST_9605,DevOps specialista pro datová uložiště,"CESNET, z.s.p.o.",Praha,Navrhni si mzdu,"Junior, Medior, Senior, Expert",https://www.jobstack.it/it-job/specialista-devops/63fc76f7b3598,2026-09-12T11:33:50+02:00
JST_0352,Junior Mendix Developer/konzultant,Lidl Česká republika v.o.s.,"Praha 5, Stodůlky",Navrhni si mzdu,Junior,https://www.jobstack.it/it-job/analytik/63ca9f3d92383,2026-09-12T11:33:50+02:00
JST_7457,"Key Account manager - akvizice ERP #tři minuty, které můžou změnit opravdu hodně",CDC Data s.r.o.,"Praha, Brno, Dvůr Králové nad Labem",Navrhni si mzdu,"Medior, Senior",https://www.jobstack.it/it-job/account-manager-it/63b419e94701c,2026-09-12T11:33:50+02:00
JST_9277,DEVOPS SPECIALISTA -LINUX,Generali Česká pojišťovna a.s.,Praha a Home Office,až 80 000 Kč / měsíc,"Junior, Medior",https://www.jobstack.it/it-job/application-server-admin/63db81bf5b2d9,2026-09-12T11:33:50+02:00
JST_5313,Business Analytik / Konzultant,Digitalizace s významným dopadem na celé Česko,"Praha - Lazarská 15/7, 117 22 Nové Město",Navrhni si mzdu,,https://www.jobstack.it/it-job/analytik/63d27a6318692,2026-09-12T11:33:50+02:00
JST_5890,Softwarový vývojář – Matlab / Simulink,Akkodis CZ s.r.o.,"Praha, Plzeň",Navrhni si mzdu,"Junior, Medior",https://www.jobstack.it/it-job/developer-other/63c7e5d8ac22c,2026-09-12T11:33:50+02:00
JST_6386,Administrátor informačních systémů a DevOps,Banka CREDITAS,Praha,Navrhni si mzdu,Medior,https://www.jobstack.it/it-job/devops-admin/63874085f0992,2026-09-12T11:33:50+02:00
JST_3800,IT vyučující - VŠ předměty v AJ,Institute For Study Abroad in Prague,"Havlíčkovy Sady 58, Praha 2, 12000",až 40 000 Kč / měsíc,,https://www.jobstack.it/it-job/lektor-it/6373bc721f494,2026-09-12T11:33:50+02:00
JST_3277,Head of Data/Senior Data Engineer for global SaaS business (remote),itrinity s.r.o.,Remote/Praha/Bratislava,až 130 000 Kč / měsíc,"Senior, Expert",https://www.jobstack.it/it-job/data-dwh-bigdata-developer/636def1b6c038,2026-09-12T11:33:50+02:00
JST_3578,BACKEND DEVELOPER - 75.000 - 110.000 Kč,Pineal s.r.o.,"Hvězdova 1716/2b, Praha 4 - Pankrác",až 110 000 Kč / měsíc,"Medior, Senior, Expert",https://www.jobstack.it/it-job/php-developer/63452fc30d04d,2026-09-12T11:33:50+02:00
JST_0363,Aplikační specialist(k)a - správce aplikačního SW,Kongresové centrum Praha,"5. května 1640/65, Praha 4 - Vyšehrad, 140 00",Navrhni si mzdu,Senior,https://www.jobstack.it/it-job/application-server-admin/6319fe99dba6d,2026-09-12T11:33:50+02:00
JST_6906,"Fullstack Developer - Medior, Senior, Lead (m/f/d) - Prague (CZ) or remote",About You SE & Co. KG,Praha - Remote - Hybrid,až 180 000 Kč / měsíc,"Medior, Senior, Expert",https://www.jobstack.it/it-job/full-stack-developer/627a4b66cbac0,2026-09-12T11:33:50+02:00
JST_2460,Full stack .NET/Vue.js developer e-learningu,Sense4code,Praha 8,až 120 000 Kč / měsíc,"Junior, Medior, Senior, Expert",https://www.jobstack.it/it-job/full-stack-developer/6272409c151d6,2026-09-12T11:33:50+02:00
JST_9412,C++ Software Developer - Virtual reality,VRgineers,Praha 7 Holešovice,až 80 000 Kč / měsíc,,https://www.jobstack.it/it-job/c-cplusplus-developer/611e0d91b73d0,2026-09-12T11:33:57+02:00
JST_8117,Frontend developer - Vue.js,Devcity s.r.o.,"full remote, Praha",Navrhni si mzdu,Senior,https://www.jobstack.it/it-job/vue-js-developer/62bc4883559e2,2026-09-12T11:33:57+02:00
JST_7173,Tester/testerka,Devcity s.r.o.,"remote, Praha, Brno",Navrhni si mzdu,"Medior, Senior, Expert",https://www.jobstack.it/it-job/test-QA-manager/62b06e7f637a7,2026-09-12T11:33:57+02:00
JST_1180,Software Tester,Denevy sr.o.,Praha,až 50 000 Kč / měsíc,"Junior, Medior, Senior",https://www.jobstack.it/it-job/automatizovane-testovani/62971866c504a,2026-09-12T11:33:57+02:00
JST_8465,DevOps Engineer,JoinIT s.r.o.,Praha,až 180 000 Kč / měsíc,Senior,https://www.jobstack.it/it-job/devops-admin/6273f4b13a5bc,2026-09-12T11:33:57+02:00
JST_1041,Technical Support Representative,Plex Systems CZ s.r.o.,"Praha 7, Remote possible",až 50 000 Kč / měsíc,Medior,https://www.jobstack.it/it-job/it-podpora/626bd5268a370,2026-09-12T11:33:57+02:00
JST_2077,IT administrator,"Potten & Pannen - Staněk group, a.s.",Praha,Navrhni si mzdu,Medior,https://www.jobstack.it/it-job/it-chuck-norris/6270e668b9b54,2026-09-12T11:33:57+02:00
JST_5898,DELIVERY CONSULTANT,Plex Systems CZ s.r.o.,Plex Systems CZ s.r.o. | Visionary Building | Plynární 1617/10 | 170 00 Praha 7,Navrhni si mzdu,Senior,https://www.jobstack.it/it-job/specialista-devops/626feadc23687,2026-09-12T11:33:57+02:00
JST_5073,Technical Support & Customer Process Solutions with German - flexible,ICON Communication Centres,Praha or remote in CZ,Navrhni si mzdu,,https://www.jobstack.it/it-job/it-konzultant/6266a4b34edff,2026-09-12T11:33:57+02:00
JST_9400,Application Security Engineer,CloudTalk,"Praha, Bratislava, Malaga or Remote",až 130 000 Kč / měsíc,"Medior, Senior",https://www.jobstack.it/it-job/specialista-it-securita/62383548c6bbe,2026-09-12T11:33:57+02:00
JST_6468,DevOps Engineer,CloudTalk,"Praha, Bratislava, Malaga or Remote",až 110 000 Kč / měsíc,"Medior, Senior",https://www.jobstack.it/it-job/devops-admin/62383003a80f7,2026-09-12T11:33:57+02:00
JST_9304,Backend Software Developer - GO,CloudTalk,"Praha, Bratislava, Malaga or Remote",až 120 000 Kč / měsíc,"Medior, Senior",https://www.jobstack.it/it-job/go-developer/623831b5198a6,2026-09-12T11:33:57+02:00
JST_8540,Voice Engineer,CloudTalk,"Praha, Bratislava, Malaga or Remote",až 100 000 Kč / měsíc,"Medior, Senior",https://www.jobstack.it/it-job/specialista-it-securita/6238334a58cce,2026-09-12T11:33:57+02:00
JST_8028,QA Automation Engineer,CloudTalk,"Praha, Bratislava, Malaga or Remote",Navrhni si mzdu,"Medior, Senior",https://www.jobstack.it/it-job/automatizovane-testovani/622b5814187c3,2026-09-12T11:33:57+02:00
JST_9544,Junior PHP Full-Stack Developer,Rentsoft GmbH,"Praha, Jinonice",až 60 000 Kč / měsíc,Junior,https://www.jobstack.it/it-job/php-developer/61b888951559d,2026-09-12T11:33:57+02:00
JST_4721,HW Project Manager,VRgineers,Praha 7,až 70 000 Kč / měsíc,"Junior, Medior, Senior",https://www.jobstack.it/it-job/it-project-manager/621cbbd6b5ef1,2026-09-12T11:33:57+02:00
JST_8554,PHP vývojář*ka,BlueGhost.cz,Praha,Navrhni si mzdu,"Junior, Medior, Senior, Expert",https://www.jobstack.it/it-job/php-developer/5a2a5dfd104a0,2026-09-12T11:33:57+02:00
JST_3018,SPECIALISTA PROVOZU APLIKACÍ S DOCKEREM,Generali Česká pojišťovna a.s.,Praha + Home Office,až 80 000 Kč / měsíc,"Medior, Senior",https://www.jobstack.it/it-job/application-server-admin/61de9fe707cb6,2026-09-12T11:33:57+02:00
JST_4084,IT Sales Executive,"Mycroft Mind, a.s.","Brno, Praha",až 100 000 Kč / měsíc,Senior,https://www.jobstack.it/it-job/sales-manager/61bc86a5704bb,2026-09-12T11:33:57+02:00
JST_4424,Software Developer | .Net,Creditinfo CEE,Praha 8,Navrhni si mzdu,"Junior, Medior, Senior, Expert",https://www.jobstack.it/it-job/dot-net-developer/61a9fdabc2798,2026-09-12T11:33:57+02:00
JST_3436,SENIOR GAME DEVELOPER,"Advantage Consulting, s.r.o.",Praha,Navrhni si mzdu,"Senior, Expert",https://www.jobstack.it/it-job/dot-net-developer/5fbbbbec99e67,2026-09-12T11:34:05+02:00
JST_4945,IT OPERÁTOR - HLEDÁME ŠIKOVNÉ ABSOLVENTY SŠ S IT ZAMĚŘENÍM,Generali Česká pojišťovna a.s.,Praha,až 30 000 Kč / měsíc,Junior,https://www.jobstack.it/it-job/microsoft-admin/61b9ee8825122,2026-09-12T11:34:05+02:00
JST_1916,Konzultant - Staňte se odborníkem na Enterprise Content Management,IXTENT s.r.o.,"Jankovcova 1595/14, Praha - Holešovice",až 80 000 Kč / měsíc,"Junior, Medior, Senior, Expert",https://www.jobstack.it/it-job/it-konzultant/61b896caae01f,2026-09-12T11:34:05+02:00
JST_6909,ERP Konzultant,INSIO software s.r.o.,"Vinohradská 3218/169, Praha 10",Navrhni si mzdu,"Medior, Senior",https://www.jobstack.it/it-job/it-konzultant/61af3643ba7b3,2026-09-12T11:34:05+02:00
JST_7397,Front-end Programátor,Digination s.r.o.,Praha - Holešovice,až 120 000 Kč / měsíc,,https://www.jobstack.it/it-job/javascript-developer/619cb5d21241e,2026-09-12T11:34:05+02:00
JST_8547,DEVCITY NEW ! DevOps Engineer - Train safety systems,Devcity s.r.o.,"Praha,Brno,Ostrava,Hradec Králové,Liberec",Navrhni si mzdu,"Medior, Senior, Expert",https://www.jobstack.it/it-job/devops-admin/616947c520a9e,2026-09-12T11:34:05+02:00
JST_3520,iOS developer (i externě),"Karlín IT Group, s.r.o.","Pernerova 51, Praha 8, 186 00",až 130 000 Kč / měsíc,"Medior, Senior, Expert",https://www.jobstack.it/it-job/developer-mobilnich-aplikaci/6152e29ea270d,2026-09-12T11:34:05+02:00
JST_5106,Frontend developer,Passengera,Praha,Navrhni si mzdu,"Medior, Senior, Expert",https://www.jobstack.it/it-job/javascript-developer/6139cb573cc46,2026-09-12T11:34:05+02:00
JST_7270,WEB DEVELOPER (JavaScript),Crowdberry s.r.o.,Praha or Remote,až 90 000 Kč / měsíc,Medior,https://www.jobstack.it/it-job/full-stack-developer/612ff100f0ac7,2026-09-12T11:34:05+02:00
JST_2230,IT architekt junior,"Česká pošta, s. p.","Olšanská 38/9, Praha 3",Navrhni si mzdu,Junior,https://www.jobstack.it/it-job/architekt/6087d9c8a12fe,2026-09-12T11:34:05+02:00
JST_9121,Java vývojář/ka Praha,ETYKA digital,Praha,Navrhni si mzdu,"Junior, Medior, Senior, Expert",https://www.jobstack.it/it-job/java-developer/60089fb66d63b,2026-09-12T11:34:05+02:00
JST_0548,Programátor,"Tritium Systems, s.r.o.",Praha,až 50 000 Kč / měsíc,Junior,https://www.jobstack.it/it-job/trainee/5ca6fa90bd909,2026-09-12T11:34:05+02:00
JST_2530,Vývojář software,"Tritium Systems, s.r.o.",Praha,až 90 000 Kč / měsíc,"Junior, Senior",https://www.jobstack.it/it-job/developer-other/5dfa19c4ed995,2026-09-12T11:34:05+02:00
JST_2121,QA Tester/rka,Exemplar Group a.s.,Praha,Navrhni si mzdu,"Medior, Senior",https://www.jobstack.it/it-job/automatizovane-testovani/608beb9bcb9ad,2026-09-12T11:34:05+02:00
JST_1693,Angular vývojář/řka,Exemplar Group a.s.,Praha,Navrhni si mzdu,Senior,https://www.jobstack.it/it-job/angular-developer/608be9b8878c6,2026-09-12T11:34:05+02:00
JST_7444,Python vývojář/řka,Exemplar Group a.s.,Praha,Navrhni si mzdu,Senior,https://www.jobstack.it/it-job/python-developer/608be2d607c4c,2026-09-12T11:34:05+02:00
JST_2418,INTEGRAČNÍ VÝVOJÁŘ / JUNIOR ARCHITEKT,Generali Česká pojišťovna a.s.,30% Praha + 70% Home Office,Navrhni si mzdu,Medior,https://www.jobstack.it/it-job/architekt/6087e0c49ee22,2026-09-12T11:34:05+02:00
JST_7327,IT Technik Junior (M/Ž) - Praha,M2C,"Praha 1, Vladislavova 17",až 30 000 Kč / měsíc,"Junior, Medior",https://www.jobstack.it/it-job/specialista-it-securita/602bd1f7f3158,2026-09-12T11:34:05+02:00
JST_6893,IT Technik Junior (podpora dohledového centra) M/Ž - Praha,M2C,"Praha 1, Vladislavova 17",až 40 000 Kč / měsíc,"Junior, Medior",https://www.jobstack.it/it-job/specialista-it-securita/600ffa2b235a6,2026-09-12T11:34:05+02:00
JST_0465,Administrátor provozu aplikací,Generali Česká pojišťovna a.s.,Praha 4 - Pankrác,Navrhni si mzdu,Junior,https://www.jobstack.it/it-job/unix-linux-admin/5fd73c8a43c88,2026-09-12T11:34:05+02:00
JST_1497,Azure Cloud Architect,Mainstream Technologies,Praha / home office,Navrhni si mzdu,"Senior, Expert",https://www.jobstack.it/it-job/it-konzultant/5fd20d93a235c,2026-09-12T11:34:11+02:00
JST_5386,IT Analytik,Generali Česká pojišťovna a.s.,Praha,Navrhni si mzdu,Junior,https://www.jobstack.it/it-job/analytik/5fcf3a81124a9,2026-09-12T11:34:11+02:00
JST_2953,SENIOR INTEGRAČNÍ VÝVOJÁŘ / ANALYTIK,Generali Česká pojišťovna a.s.,Praha,Navrhni si mzdu,"Senior, Expert",https://www.jobstack.it/it-job/enterprise-architekt/5fcde12104561,2026-09-12T11:34:11+02:00
JST_1794,DATABÁZOVÝ VÝVOJÁŘ/ADMINISTRÁTOR,Generali Česká pojišťovna a.s.,Praha,Navrhni si mzdu,"Medior, Senior",https://www.jobstack.it/it-job/database-developer/5fcdde1c15d70,2026-09-12T11:34:11+02:00
JST_3542,Hledáme SharePoint Developera do našeho týmu!,XPIS s.r.o.,Praha 4,Navrhni si mzdu,"Senior, Expert",https://www.jobstack.it/it-job/developer-other/5fc6387e7f587,2026-09-12T11:34:11+02:00
JST_3980,Hledáme REACT Developera do našeho týmu v Praze!,XPIS s.r.o.,Praha 4,Navrhni si mzdu,"Junior, Medior",https://www.jobstack.it/it-job/react-developer/5fc617e1695ed,2026-09-12T11:34:11+02:00
JST_5601,ROZJEĎ SAP ASAP! (AŽ 70 000 KČ/MĚS),"Advantage Consulting, s.r.o.",Praha,až 70 000 Kč / měsíc,Medior,https://www.jobstack.it/it-job/specialista-erp/5fbb7f6a554b2,2026-09-12T11:34:11+02:00
JST_4986,PHP Developer,"CEEOR, s.r.o.",Praha,až 90 000 Kč / měsíc,"Medior, Senior",https://www.jobstack.it/it-job/php-developer/5f0d7ca89f21d,2026-09-12T11:34:11+02:00
JST_2420,PHP developer (senior),Sharry Europe s.r.o.,Praha 5,až 80 000 Kč / měsíc,"Senior, Expert",https://www.jobstack.it/it-job/php-developer/5a0b1a6b63ad0,2026-09-12T11:34:11+02:00
JST_4611,iOS Developer - senior,Sharry Europe s.r.o.,Praha,až 80 000 Kč / měsíc,Senior,https://www.jobstack.it/it-job/developer-mobilnich-aplikaci/59f1f98315dea,2026-09-12T11:34:11+02:00
JST_0498,SAP Consulting Lead - onsite Praha,Principal engineering s.r.o.,Praha,Navrhni si mzdu,Senior,https://www.jobstack.it/it-job/specialista-erp/6aa91e358535a,2026-09-17T10:36:01+02:00
JST_5923,Process/Policy Analyst SME (Senior) – RISK,Team8,Praha,až 180 000 Kč / měsíc,"Senior, Expert",https://www.jobstack.it/it-job/procesni-analytik/6aaba39560a39,2026-09-17T10:36:01+02:00
JST_2969,"Senior AI Engineer - Praha, IČO",Principal engineering s.r.o.,Praha,až 170 000 Kč / měsíc,Senior,https://www.jobstack.it/it-job/ai-developer/6aa92e734653a,2026-09-17T10:36:01+02:00
JST_6082,"Senior Fullstack Engineer - Praha, IČO",Principal engineering s.r.o.,Praha,až 160 000 Kč / měsíc,"Medior, Senior",https://www.jobstack.it/it-job/full-stack-developer/6aa92ddc92d4e,2026-09-17T10:36:14+02:00
JST_1762,Python Developer,Team8,Praha,až 120 000 Kč / měsíc,"Medior, Senior",https://www.jobstack.it/it-job/python-developer/6ab14e035b3f7,2026-09-21T18:52:11+02:00
JST_2895,Data Engineer,NOTIX s.r.o.,Praha,až 180 000 Kč / měsíc,"Junior, Medior, Senior, Expert",https://www.jobstack.it/it-job/integration-developer/6ab0e4edcc628,2026-09-21T18:52:21+02:00
JST_6510,Low-Code/No Code Developer & IT Analytik,Team8,Praha,až 80 000 Kč / měsíc,"Medior, Senior",https://www.jobstack.it/it-job/developer-other/6a50b218a1f9f,2026-09-21T18:52:21+02:00
JST_7863,VMware Infrastructure Team Lead,Geetoo Technology s.r.o.,Praha Vokovice,Navrhni si mzdu,"Medior, Senior, Expert",https://www.jobstack.it/it-job/team-leader/6ab295195c19a,2026-09-22T20:29:53+02:00
JST_6331,Hledá se ISO Specialista/ka na ISO a firemní certifikace (HPP),Deep Systems s. r. o.,Praha 8 Karlín,Navrhni si mzdu,Medior,https://www.jobstack.it/it-job/it-project-manager/6ab2834ce5839,2026-09-22T20:29:53+02:00
JST_2258,"Konzultant SAP – logistika (moduly MM, SD)",Deep Systems s. r. o.,Praha 8 Karlín,Navrhni si mzdu,Medior,https://www.jobstack.it/it-job/specialista-erp/6ab281a39da00,2026-09-22T20:29:59+02:00
JST_8413,SAP KONZULTANT NA HPP,Deep Systems s. r. o.,Praha 8 Karlín,Navrhni si mzdu,,https://www.jobstack.it/it-job/specialista-erp/60460c4c09c52,2026-09-22T20:29:59+02:00
JST_8197,IAM Analytik (Junior/Medior),Team8,Praha,až 100 000 Kč / měsíc,"Junior, Medior",https://www.jobstack.it/it-job/it-podpora/6ab26e1cb38bd,2026-09-22T20:29:59+02:00
JST_8709,SAP Solution Architect,Team8,Praha,až 210 000 Kč / měsíc,"Senior, Expert",https://www.jobstack.it/it-job/architekt/6ab26c07576ae,2026-09-22T20:29:59+02:00
JST_5485,IT Analytik,Team8,Praha,až 160 000 Kč / měsíc,Senior,https://www.jobstack.it/it-job/analytik/6ab24666b183a,2026-09-22T20:29:59+02:00
JST_1563,UX Designer (Oracle APEX),Team8,Praha,až 120 000 Kč / měsíc,"Medior, Senior, Expert",https://www.jobstack.it/it-job/ux-designer/6ab65e5cb1307,2026-09-26T12:02:23+02:00
JST_8941,Product Rollout & Adoption Manager (Global),Team8,Praha,až 170 000 Kč / měsíc,"Senior, Expert",https://www.jobstack.it/it-job/it-project-manager/6abb83d6e57b4,2026-09-29T12:25:33+02:00
JST_6496,"AI Architekt – AI & Software Engineering - IČO, Praha",Principal engineering s.r.o.,Praha,až 180 000 Kč / měsíc,"Senior, Expert",https://www.jobstack.it/it-job/ai-developer/6abbd10362273,2026-09-30T12:42:40+02:00
JST_4010,Seniorní IT Analytik na dlouhodobý projekt,REDECO,Praha,až 190 000 Kč / měsíc,"Senior, Expert",https://www.jobstack.it/it-job/analytik/6abe76b625b8c,2026-10-02T12:35:54+02:00
JST_9574,Seniorní IT Analytik do oblasti plateb,REDECO,Praha,až 190 000 Kč / měsíc,"Senior, Expert",https://www.jobstack.it/it-job/analytik/6abeab0dbdab8,2026-10-02T12:35:54+02:00
JST_2919,"L1 IT support - Praha, IČO, onsite",Principal engineering s.r.o.,Praha,až 50 000 Kč / měsíc,Junior,https://www.jobstack.it/it-job/it-podpora/6abe43a41a01a,2026-10-02T12:35:54+02:00
JST_6810,Solution Consultant / IT Business Analyst,DecisionRules,Praha,Navrhni si mzdu,Medior,https://www.jobstack.it/it-job/product-designer/6abd3ea13453b,2026-10-02T12:35:54+02:00
JST_6830,"Agile Tester – webové a mobilní aplikace, Praha",Principal engineering s.r.o.,Praha 6,až 80 000 Kč / měsíc,"Medior, Senior, Expert",https://www.jobstack.it/it-job/tester/6abf684cde89f,2026-10-02T12:35:54+02:00
JST_8497,"Junior tester s přesahem do automatizace - full onsite, Praha",Principal engineering s.r.o.,Praha - Barrandov,až 44 000 Kč / měsíc,Junior,https://www.jobstack.it/it-job/tester/6abf6520a7fef,2026-10-02T12:36:00+02:00
JST_0274,Test Analytik – webové a mobilní aplikace,Principal engineering s.r.o.,Praha 6,až 60 000 Kč / měsíc,Medior,https://www.jobstack.it/it-job/test-analytik/6abf648f35f61,2026-10-02T12:36:00+02:00
JST_2146,SENIOR IT ANALYTIK – navrhujte řešení pro bankovnictví | Dlouhodobý projekt,Apsaz Consulting a.s.,Praha (hybridní režim),až 175 000 Kč / měsíc,"Senior, Expert",https://www.jobstack.it/it-job/analytik/6abd0c648a3b6,2026-10-02T12:36:00+02:00
JST_9048,Solution Architect – Oracle/Databricks/AWS,Team8,Praha,až 210 000 Kč / měsíc,"Senior, Expert",https://www.jobstack.it/it-job/architekt/6abf950b3f7bc,2026-10-03T11:19:13+02:00
JST_2116,IT Business Analyst / Solution Consultant,DecisionRules,Praha,Navrhni si mzdu,Medior,https://www.jobstack.it/it-job/analytik/6abd3ea13453b,2026-10-07T14:10:19+02:00
JST_2600,Junior obchodník – nastartujte kariéru v B2B sales,Apsaz Consulting a.s.,Praha 5 (hybridní režim - po zaučení je možná práce převážně na dálku),až 60 000 Kč / měsíc,Junior,https://www.jobstack.it/it-job/sales-manager/6ac39de0e57eb,2026-10-07T14:10:19+02:00
JST_9153,Senior Salesforce Developer,REDECO,Praha,až 200 000 Kč / měsíc,"Senior, Expert",https://www.jobstack.it/it-job/salesforce-developer/6ac2b09e971fc,2026-10-07T14:10:19+02:00
JST_9691,"AI Architekt – AI & Software Engineering - IČO, Praha",Principal engineering s.r.o.,Praha,až 180 000 Kč / měsíc,"Senior, Expert",https://www.jobstack.it/it-job/ai-native-developer/6abbd10362273,2026-10-07T14:10:19+02:00
JST_3211,SAP Consulting Lead - onsite Praha,Principal engineering s.r.o.,Praha,Navrhni si mzdu,Senior,https://www.jobstack.it/it-job/sap/6aa91e358535a,2026-10-07T14:10:19+02:00
JST_1448,Senior AI Developer - rozvíjej AI kompetenci v Principalu,Principal engineering s.r.o.,Praha,až 180 000 Kč / měsíc,Senior,https://www.jobstack.it/it-job/ai-native-developer/69aae22843377,2026-10-07T14:10:19+02:00
JST_4357,Vývojář / technický parťák pro vznik nové B2B aplikace – part-time,"Resintech, s.r.o.",Praha,až 40 000 Kč / měsíc,"Junior, Medior, Senior",https://www.jobstack.it/it-job/full-stack-developer/6ac62c365b635,2026-10-07T14:10:19+02:00
JST_1967,TEST MANAGER - BANKING,NOTIX s.r.o.,Praha,až 170 000 Kč / měsíc,"Senior, Expert",https://www.jobstack.it/it-job/test-QA-manager/6968b85801364,2026-10-07T14:10:25+02:00
JST_0631,IT Solution Architect,Team8,Praha,až 180 000 Kč / měsíc,"Senior, Expert",https://www.jobstack.it/it-job/architekt/6ac4f045854ec,2026-10-07T14:10:25+02:00
JST_1682,Senior Project Manager – IAM/Digital Identity,Team8,Praha,až 170 000 Kč / měsíc,"Senior, Expert",https://www.jobstack.it/it-job/it-project-manager/6ac4ed648a2e6,2026-10-07T14:10:25+02:00
JST_3638,AI Konzultant,Team8,Praha,až 190 000 Kč / měsíc,"Senior, Expert",https://www.jobstack.it/it-job/ai-konzultant/6ac4b1cb05877,2026-10-07T14:10:25+02:00
JST_4937,"Integrační test analytik – digitální a transakční systémy | Praha, hybrid",Principal engineering s.r.o.,Praha 6/ remote,až 90 000 Kč / měsíc,Medior,https://www.jobstack.it/it-job/test-analytik/6ac39afedeb31,2026-10-07T14:10:25+02:00
JST_6357,Data Engineer – CRM Transformation,Team8,Praha,až 200 000 Kč / měsíc,"Senior, Expert",https://www.jobstack.it/it-job/architekt/6ac35d5ad7966,2026-10-07T14:10:25+02:00
JST_4197,SAP PROGRAMÁTOR NA HPP,Deep Systems s. r. o.,Praha 8 Karlín,Navrhni si mzdu,,https://www.jobstack.it/it-job/sap/60460aed79ff3,2026-10-07T14:10:25+02:00
JST_8662,Hledá se ISO Specialista/ka na ISO a firemní certifikace (HPP),Deep Systems s. r. o.,Praha 8 Karlín,Navrhni si mzdu,Medior,https://www.jobstack.it/it-job/security-grc-compliance/6ab2834ce5839,2026-10-07T14:10:25+02:00
JST_8812,"Konzultant SAP – logistika (moduly MM, SD)",Deep Systems s. r. o.,Praha 8 Karlín,Navrhni si mzdu,Medior,https://www.jobstack.it/it-job/sap/6ab281a39da00,2026-10-07T14:10:25+02:00
JST_0845,SAP KONZULTANT NA HPP,Deep Systems s. r. o.,Praha 8 Karlín,Navrhni si mzdu,,https://www.jobstack.it/it-job/sap/60460c4c09c52,2026-10-07T14:10:25+02:00
JST_6370,Data Engineer,NOTIX s.r.o.,Praha,až 180 000 Kč / měsíc,"Junior, Medior, Senior, Expert",https://www.jobstack.it/it-job/data-engineer/6ab0e4edcc628,2026-10-07T14:10:25+02:00
JST_9987,SAP Expert R2R,Principal engineering s.r.o.,Praha 4,až 273 000 Kč / měsíc,"Senior, Expert",https://www.jobstack.it/it-job/sap/6a9fddb943b0d,2026-10-07T14:10:33+02:00
JST_8494,Product Manager,Creditinfo CEE s.r.o.,Praha - Karlín,až 100 000 Kč / měsíc,Medior,https://www.jobstack.it/it-job/product-manager/6a4cd3f903acc,2026-10-07T14:10:43+02:00
JST_0423,SAP WM / Logistics Lead - Praha onsite,Principal engineering s.r.o.,"Praha, ČR",až 170 000 Kč / měsíc,Senior,https://www.jobstack.it/it-job/sap/6a2fb4d4c8037,2026-10-07T14:10:43+02:00
JST_3524,ICT – Azure DevOps Engineer Praha/Olomouc,Banka CREDITAS a.s.,Praha nebo Olomouc,Navrhni si mzdu,"Junior, Medior",https://www.jobstack.it/it-job/devops-admin/6682857e07edb,2026-10-07T14:10:43+02:00
JST_2549,Salesforce Developer/Architect,Principal engineering s.r.o.,Praha,až 270 000 Kč / měsíc,Senior,https://www.jobstack.it/it-job/salesforce-developer/6908e9c30605e,2026-10-07T14:10:43+02:00
JST_1612,Helpdesk Specialist – IT / Farmacie,"Sprinx Systems, a.s.",Praha 4 - Braník,Navrhni si mzdu,"Junior, Medior",https://www.jobstack.it/it-job/it-podpora/69babd779c2e0,2026-10-07T14:10:43+02:00
JST_3451,Data Engineer,IDC,"Malé náměstí 459/11, Praha, Staré Město",až 75 000 Kč / měsíc,Medior,https://www.jobstack.it/it-job/data-engineer/6995cc3154590,2026-10-07T14:10:55+02:00
JST_6309,Senior Network Engineer with Azure,EndySoft s.r.o.,Praha,až 121 300 Kč / měsíc,"Senior, Expert",https://www.jobstack.it/it-job/site-provoz/698b3717958c9,2026-10-07T14:10:55+02:00
JST_5034,Konzultant ERP systému,ARTEX informační systémy,"Štefánikova 32, Praha 5",až 80 000 Kč / měsíc,"Junior, Medior, Senior, Expert",https://www.jobstack.it/it-job/erp-podnikove-systemy/5f86b80e1a9ef,2026-10-07T14:10:55+02:00
JST_8620,BI Data Engineer – Tech Lead (f/m),mBlue CZECH,Praha,až 200 000 Kč / měsíc,Senior,https://www.jobstack.it/it-job/data-engineer/688a23675a6cf,2026-10-07T14:11:03+02:00
JST_8761,"HLEDÁME Senior React Developera pro M365, SPFX!",XPIS s.r.o.,"Mezilesní 23, Praha 4",Navrhni si mzdu,"Senior, Expert",https://www.jobstack.it/it-job/react-developer/67dc12d1afcfe,2026-10-07T14:11:03+02:00
JST_4473,PROGRAMÁTOR ERP SYSTÉMU,ARTEX informační systémy,"Štefánikova 32, Praha 5",až 50 000 Kč / měsíc,"Junior, Medior",https://www.jobstack.it/it-job/axapta-developer/60003c43e18d4,2026-10-07T14:11:03+02:00
JST_5782,ML výzkumník pro doporučovací systémy,"Seznam.cz, a.s.",Praha,Navrhni si mzdu,"Junior, Medior",https://www.jobstack.it/it-job/data-scientist/66be2de03e3fb,2026-10-07T14:11:03+02:00
JST_0691,⭕ ABAP PROGRAMÁTOR - PRAHA,"ProfesKontakt, s.r.o.",Praha/remote,až 110 000 Kč / měsíc,"Junior, Medior, Senior",https://www.jobstack.it/it-job/sap/65ddd5bbc0f44,2026-10-07T14:11:17+02:00
JST_5751,SAP MM Konzultant - logistika,EFFIIS s.r.o.,Praha,Navrhni si mzdu,"Medior, Senior",https://www.jobstack.it/it-job/sap/610843fc40584,2026-10-07T14:11:17+02:00
JST_3259,Konzultant SAP - výroba (modul PP),EFFIIS s.r.o.,Praha,Navrhni si mzdu,"Medior, Senior",https://www.jobstack.it/it-job/sap/618394c27aa19,2026-10-07T14:11:17+02:00
JST_6228,Fiori Developer,EFFIIS s.r.o.,Praha,Navrhni si mzdu,"Junior, Medior",https://www.jobstack.it/it-job/sap/649974baa54ad,2026-10-07T14:11:32+02:00
JST_1338,"⋙Baví Tě data, ML, s Pythonem děláš většinu pracovního dne?⋘",mBlue,praha,Navrhni si mzdu,"Junior, Medior, Senior",https://www.jobstack.it/it-job/data-scientist/6526a3f55c8e7,2026-10-07T14:11:32+02:00
JST_9231,SAP S/4 HANA Public Cloud Konzultant,EFFIIS s.r.o.,Praha,Navrhni si mzdu,"Medior, Senior, Expert",https://www.jobstack.it/it-job/sap/64ca2d1c54dd0,2026-10-07T14:11:32+02:00
JST_5583,SW Engineer for AI Centre,O2 Česká Republika a.s.,Praha,Navrhni si mzdu,Expert,https://www.jobstack.it/it-job/ml-engineer/645777142057d,2026-10-07T14:11:32+02:00
JST_8648,Softwarový vývojář – Matlab / Simulink,Akkodis CZ s.r.o.,"Praha, Plzeň",Navrhni si mzdu,"Junior, Medior",https://www.jobstack.it/it-job/iot-developer/63c7e5d8ac22c,2026-10-07T14:11:38+02:00
JST_1860,Head of Data/Senior Data Engineer for global SaaS business (remote),itrinity s.r.o.,Remote/Praha/Bratislava,až 130 000 Kč / měsíc,"Senior, Expert",https://www.jobstack.it/it-job/data-engineer/636def1b6c038,2026-10-07T14:11:38+02:00
JST_2980,IT administrator,"Potten & Pannen - Staněk group, a.s.",Praha,Navrhni si mzdu,Medior,https://www.jobstack.it/it-job/univerzal-it/6270e668b9b54,2026-10-07T14:11:48+02:00
JST_3315,DELIVERY CONSULTANT,Plex Systems CZ s.r.o.,Plex Systems CZ s.r.o. | Visionary Building | Plynární 1617/10 | 170 00 Praha 7,Navrhni si mzdu,Senior,https://www.jobstack.it/it-job/it-konzultant/626feadc23687,2026-10-07T14:11:48+02:00
JST_1517,Voice Engineer,CloudTalk,"Praha, Bratislava, Malaga or Remote",až 100 000 Kč / měsíc,"Medior, Senior",https://www.jobstack.it/it-job/site-provoz/6238334a58cce,2026-10-07T14:11:48+02:00
JST_8065,Vývojář software,"Tritium Systems, s.r.o.",Praha,až 90 000 Kč / měsíc,"Junior, Senior",https://www.jobstack.it/it-job/dot-net-developer/5dfa19c4ed995,2026-10-07T14:11:59+02:00
JST_5210,IT Technik Junior (M/Ž) - Praha,M2C,"Praha 1, Vladislavova 17",až 30 000 Kč / měsíc,"Junior, Medior",https://www.jobstack.it/it-job/it-podpora/602bd1f7f3158,2026-10-07T14:11:59+02:00
JST_4577,Hledáme SharePoint Developera do našeho týmu!,XPIS s.r.o.,Praha 4,Navrhni si mzdu,"Senior, Expert",https://www.jobstack.it/it-job/react-developer/5fc6387e7f587,2026-10-07T14:11:59+02:00
JST_8680,ROZJEĎ SAP ASAP! (AŽ 70 000 KČ/MĚS),"Advantage Consulting, s.r.o.",Praha,až 70 000 Kč / měsíc,Medior,https://www.jobstack.it/it-job/sap/5fbb7f6a554b2,2026-10-07T14:11:59+02:00
